Date,Berth,DailyCapacity,CumulativeCapacity,CumulativeDemand,Balance
2025-01-01,Q1A,35000,35000,0,35000
2025-01-01,Q1B,35000,35000,0,35000
2025-01-01,Q1C,23000,23000,0,23000
2025-01-01,Q2A,47000,47000,0,47000
2025-01-01,Q2B,47000,47000,0,47000
2025-01-02,Q1A,35000,70000,0,70000
2025-01-02,Q1B,35000,70000,0,70000
2025-01-02,Q1C,23000,46000,0,46000
2025-01-02,Q2A,47000,94000,0,94000
2025-01-02,Q2B,47000,94000,0,94000
2025-01-03,Q1A,35000,105000,0,105000
2025-01-03,Q1B,35000,105000,0,105000
2025-01-03,Q1C,23000,69000,0,69000
2025-01-03,Q2A,47000,141000,0,141000
2025-01-03,Q2B,47000,141000,0,141000
2025-01-04,Q1A,35000,140000,0,140000
2025-01-04,Q1B,35000,140000,0,140000
2025-01-04,Q1C,23000,92000,0,92000
2025-01-04,Q2A,47000,188000,41735,146265
2025-01-04,Q2B,47000,188000,0,188000
2025-01-05,Q1A,35000,175000,53974,121026
2025-01-05,Q1B,35000,175000,34399,140601
2025-01-05,Q1C,23000,115000,21886,93114
2025-01-05,Q2A,47000,235000,66556,168444
2025-01-05,Q2B,47000,235000,41777,193223
2025-01-06,Q1A,35000,210000,53974,156026
2025-01-06,Q1B,35000,210000,34399,175601
2025-01-06,Q1C,23000,138000,21886,116114
2025-01-06,Q2A,47000,282000,66556,215444
2025-01-06,Q2B,47000,282000,41777,240223
2025-01-07,Q1A,35000,245000,53974,191026
2025-01-07,Q1B,35000,245000,34399,210601
2025-01-07,Q1C,23000,161000,21886,139114
2025-01-07,Q2A,47000,329000,66556,262444
2025-01-07,Q2B,47000,329000,41777,287223
2025-01-08,Q1A,35000,280000,53974,226026
2025-01-08,Q1B,35000,280000,34399,245601
2025-01-08,Q1C,23000,184000,21886,162114
2025-01-08,Q2A,47000,376000,66556,309444
2025-01-08,Q2B,47000,376000,41777,334223
2025-01-09,Q1A,35000,315000,53974,261026
2025-01-09,Q1B,35000,315000,62150,252850
2025-01-09,Q1C,23000,207000,21886,185114
2025-01-09,Q2A,47000,423000,66556,356444
2025-01-09,Q2B,47000,423000,41777,381223
2025-01-10,Q1A,35000,350000,53974,296026
2025-01-10,Q1B,35000,350000,62150,287850
2025-01-10,Q1C,23000,230000,52853,177147
2025-01-10,Q2A,47000,470000,100412,369588
2025-01-10,Q2B,47000,470000,41777,428223
2025-01-11,Q1A,35000,385000,99283,285717
2025-01-11,Q1B,35000,385000,91988,293012
2025-01-11,Q1C,23000,253000,52853,200147
2025-01-11,Q2A,47000,517000,100412,416588
2025-01-11,Q2B,47000,517000,41777,475223
2025-01-12,Q1A,35000,420000,139631,280369
2025-01-12,Q1B,35000,420000,91988,328012
2025-01-12,Q1C,23000,276000,61464,214536
2025-01-12,Q2A,47000,564000,172974,391026
2025-01-12,Q2B,47000,564000,113883,450117
2025-01-13,Q1A,35000,455000,139631,315369
2025-01-13,Q1B,35000,455000,91988,363012
2025-01-13,Q1C,23000,299000,61464,237536
2025-01-13,Q2A,47000,611000,172974,438026
2025-01-13,Q2B,47000,611000,113883,497117
2025-01-14,Q1A,35000,490000,139631,350369
2025-01-14,Q1B,35000,490000,91988,398012
2025-01-14,Q1C,23000,322000,61464,260536
2025-01-14,Q2A,47000,658000,172974,485026
2025-01-14,Q2B,47000,658000,113883,544117
2025-01-15,Q1A,35000,525000,139631,385369
2025-01-15,Q1B,35000,525000,91988,433012
2025-01-15,Q1C,23000,345000,61464,283536
2025-01-15,Q2A,47000,705000,172974,532026
2025-01-15,Q2B,47000,705000,113883,591117
2025-01-16,Q1A,35000,560000,155968,404032
2025-01-16,Q1B,35000,560000,120411,439589
2025-01-16,Q1C,23000,368000,61464,306536
2025-01-16,Q2A,47000,752000,172974,579026
2025-01-16,Q2B,47000,752000,113883,638117
2025-01-17,Q1A,35000,595000,181369,413631
2025-01-17,Q1B,35000,595000,120411,474589
2025-01-17,Q1C,23000,391000,61464,329536
2025-01-17,Q2A,47000,799000,172974,626026
2025-01-17,Q2B,47000,799000,113883,685117
2025-01-18,Q1A,35000,630000,181369,448631
2025-01-18,Q1B,35000,630000,120411,509589
2025-01-18,Q1C,23000,414000,72010,341990
2025-01-18,Q2A,47000,846000,172974,673026
2025-01-18,Q2B,47000,846000,161054,684946
2025-01-19,Q1A,35000,665000,224227,440773
2025-01-19,Q1B,35000,665000,151115,513885
2025-01-19,Q1C,23000,437000,103224,333776
2025-01-19,Q2A,47000,893000,274785,618215
2025-01-19,Q2B,47000,893000,197633,695367
2025-01-20,Q1A,35000,700000,224227,475773
2025-01-20,Q1B,35000,700000,151115,548885
2025-01-20,Q1C,23000,460000,103224,356776
2025-01-20,Q2A,47000,940000,274785,665215
2025-01-20,Q2B,47000,940000,197633,742367
2025-01-21,Q1A,35000,735000,224227,510773
2025-01-21,Q1B,35000,735000,151115,583885
2025-01-21,Q1C,23000,483000,103224,379776
2025-01-21,Q2A,47000,987000,274785,712215
2025-01-21,Q2B,47000,987000,197633,789367
2025-01-22,Q1A,35000,770000,224227,545773
2025-01-22,Q1B,35000,770000,151115,618885
2025-01-22,Q1C,23000,506000,103224,402776
2025-01-22,Q2A,47000,1034000,274785,759215
2025-01-22,Q2B,47000,1034000,197633,836367
2025-01-23,Q1A,35000,805000,224227,580773
2025-01-23,Q1B,35000,805000,151115,653885
2025-01-23,Q1C,23000,529000,103224,425776
2025-01-23,Q2A,47000,1081000,274785,806215
2025-01-23,Q2B,47000,1081000,197633,883367
2025-01-24,Q1A,35000,840000,224227,615773
2025-01-24,Q1B,35000,840000,173947,666053
2025-01-24,Q1C,23000,552000,103224,448776
2025-01-24,Q2A,47000,1128000,274785,853215
2025-01-24,Q2B,47000,1128000,197633,930367
2025-01-25,Q1A,35000,875000,243606,631394
2025-01-25,Q1B,35000,875000,173947,701053
2025-01-25,Q1C,23000,575000,129624,445376
2025-01-25,Q2A,47000,1175000,348727,826273
2025-01-25,Q2B,47000,1175000,268490,906510
2025-01-26,Q1A,35000,910000,312523,597477
2025-01-26,Q1B,35000,910000,206579,703421
2025-01-26,Q1C,23000,598000,145365,452635
2025-01-26,Q2A,47000,1222000,379894,842106
2025-01-26,Q2B,47000,1222000,273411,948589
2025-01-27,Q1A,35000,945000,312523,632477
2025-01-27,Q1B,35000,945000,206579,738421
2025-01-27,Q1C,23000,621000,145365,475635
2025-01-27,Q2A,47000,1269000,379894,889106
2025-01-27,Q2B,47000,1269000,273411,995589
2025-01-28,Q1A,35000,980000,312523,667477
2025-01-28,Q1B,35000,980000,206579,773421
2025-01-28,Q1C,23000,644000,145365,498635
2025-01-28,Q2A,47000,1316000,379894,936106
2025-01-28,Q2B,47000,1316000,273411,1042589
2025-01-29,Q1A,35000,1015000,312523,702477
2025-01-29,Q1B,35000,1015000,206579,808421
2025-01-29,Q1C,23000,667000,145365,521635
2025-01-29,Q2A,47000,1363000,379894,983106
2025-01-29,Q2B,47000,1363000,273411,1089589
2025-01-30,Q1A,35000,1050000,312523,737477
2025-01-30,Q1B,35000,1050000,206579,843421
2025-01-30,Q1C,23000,690000,157862,532138
2025-01-30,Q2A,47000,1410000,379894,1030106
2025-01-30,Q2B,47000,1410000,273411,1136589
2025-01-31,Q1A,35000,1085000,359318,725682
2025-01-31,Q1B,35000,1085000,208898,876102
2025-01-31,Q1C,23000,713000,157862,555138
2025-01-31,Q2A,47000,1457000,379894,1077106
2025-01-31,Q2B,47000,1457000,273411,1183589
2025-02-01,Q1A,35000,1120000,386180,733820
2025-02-01,Q1B,35000,1120000,208898,911102
2025-02-01,Q1C,23000,736000,157862,578138
2025-02-01,Q2A,47000,1504000,379894,1124106
2025-02-01,Q2B,47000,1504000,273411,1230589
2025-02-02,Q1A,35000,1155000,401399,753601
2025-02-02,Q1B,35000,1155000,257607,897393
2025-02-02,Q1C,23000,759000,186507,572493
2025-02-02,Q2A,47000,1551000,491908,1059092
2025-02-02,Q2B,47000,1551000,343479,1207521
2025-02-03,Q1A,35000,1190000,401399,788601
2025-02-03,Q1B,35000,1190000,257607,932393
2025-02-03,Q1C,23000,782000,186507,595493
2025-02-03,Q2A,47000,1598000,491908,1106092
2025-02-03,Q2B,47000,1598000,343479,1254521
2025-02-04,Q1A,35000,1225000,401399,823601
2025-02-04,Q1B,35000,1225000,257607,967393
2025-02-04,Q1C,23000,805000,186507,618493
2025-02-04,Q2A,47000,1645000,491908,1153092
2025-02-04,Q2B,47000,1645000,343479,1301521
2025-02-05,Q1A,35000,1260000,401399,858601
2025-02-05,Q1B,35000,1260000,257607,1002393
2025-02-05,Q1C,23000,828000,186507,641493
2025-02-05,Q2A,47000,1692000,491908,1200092
2025-02-05,Q2B,47000,1692000,343479,1348521
2025-02-06,Q1A,35000,1295000,401399,893601
2025-02-06,Q1B,35000,1295000,257607,1037393
2025-02-06,Q1C,23000,851000,186507,664493
2025-02-06,Q2A,47000,1739000,504430,1234570
2025-02-06,Q2B,47000,1739000,343479,1395521
2025-02-07,Q1A,35000,1330000,447265,882735
2025-02-07,Q1B,35000,1330000,257607,1072393
2025-02-07,Q1C,23000,874000,186507,687493
2025-02-07,Q2A,47000,1786000,524456,1261544
2025-02-07,Q2B,47000,1786000,407663,1378337
2025-02-08,Q1A,35000,1365000,447265,917735
2025-02-08,Q1B,35000,1365000,257607,1107393
2025-02-08,Q1C,23000,897000,186507,710493
2025-02-08,Q2A,47000,1833000,561480,1271520
2025-02-08,Q2B,47000,1833000,411200,1421800
2025-02-09,Q1A,35000,1400000,490355,909645
2025-02-09,Q1B,35000,1400000,317216,1082784
2025-02-09,Q1C,23000,920000,228762,691238
2025-02-09,Q2A,47000,1880000,591648,1288352
2025-02-09,Q2B,47000,1880000,417710,1462290
2025-02-10,Q1A,35000,1435000,490355,944645
2025-02-10,Q1B,35000,1435000,317216,1117784
2025-02-10,Q1C,23000,943000,228762,714238
2025-02-10,Q2A,47000,1927000,591648,1335352
2025-02-10,Q2B,47000,1927000,417710,1509290
2025-02-11,Q1A,35000,1470000,490355,979645
2025-02-11,Q1B,35000,1470000,317216,1152784
2025-02-11,Q1C,23000,966000,228762,737238
2025-02-11,Q2A,47000,1974000,591648,1382352
2025-02-11,Q2B,47000,1974000,417710,1556290
2025-02-12,Q1A,35000,1505000,490355,1014645
2025-02-12,Q1B,35000,1505000,317216,1187784
2025-02-12,Q1C,23000,989000,228762,760238
2025-02-12,Q2A,47000,2021000,591648,1429352
2025-02-12,Q2B,47000,2021000,417710,1603290
2025-02-13,Q1A,35000,1540000,490355,1049645
2025-02-13,Q1B,35000,1540000,317216,1222784
2025-02-13,Q1C,23000,1012000,254992,757008
2025-02-13,Q2A,47000,2068000,608193,1459807
2025-02-13,Q2B,47000,2068000,442976,1625024
2025-02-14,Q1A,35000,1575000,490355,1084645
2025-02-14,Q1B,35000,1575000,317216,1257784
2025-02-14,Q1C,23000,1035000,254992,780008
2025-02-14,Q2A,47000,2115000,646057,1468943
2025-02-14,Q2B,47000,2115000,442976,1672024
2025-02-15,Q1A,35000,1610000,512955,1097045
2025-02-15,Q1B,35000,1610000,365210,1244790
2025-02-15,Q1C,23000,1058000,254992,803008
2025-02-15,Q2A,47000,2162000,703506,1458494
2025-02-15,Q2B,47000,2162000,442976,1719024
2025-02-16,Q1A,35000,1645000,580443,1064557
2025-02-16,Q1B,35000,1645000,367486,1277514
2025-02-16,Q1C,23000,1081000,270462,810538
2025-02-16,Q2A,47000,2209000,703506,1505494
2025-02-16,Q2B,47000,2209000,488256,1720744
2025-02-17,Q1A,35000,1680000,580443,1099557
2025-02-17,Q1B,35000,1680000,367486,1312514
2025-02-17,Q1C,23000,1104000,270462,833538
2025-02-17,Q2A,47000,2256000,703506,1552494
2025-02-17,Q2B,47000,2256000,488256,1767744
2025-02-18,Q1A,35000,1715000,580443,1134557
2025-02-18,Q1B,35000,1715000,367486,1347514
2025-02-18,Q1C,23000,1127000,270462,856538
2025-02-18,Q2A,47000,2303000,703506,1599494
2025-02-18,Q2B,47000,2303000,488256,1814744
2025-02-19,Q1A,35000,1750000,580443,1169557
2025-02-19,Q1B,35000,1750000,367486,1382514
2025-02-19,Q1C,23000,1150000,270462,879538
2025-02-19,Q2A,47000,2350000,703506,1646494
2025-02-19,Q2B,47000,2350000,488256,1861744
2025-02-20,Q1A,35000,1785000,580443,1204557
2025-02-20,Q1B,35000,1785000,367486,1417514
2025-02-20,Q1C,23000,1173000,270462,902538
2025-02-20,Q2A,47000,2397000,742203,1654797
2025-02-20,Q2B,47000,2397000,488256,1908744
2025-02-21,Q1A,35000,1820000,580443,1239557
2025-02-21,Q1B,35000,1820000,430644,1389356
2025-02-21,Q1C,23000,1196000,293697,902303
2025-02-21,Q2A,47000,2444000,769327,1674673
2025-02-21,Q2B,47000,2444000,498230,1945770
2025-02-22,Q1A,35000,1855000,622841,1232159
2025-02-22,Q1B,35000,1855000,430644,1424356
2025-02-22,Q1C,23000,1219000,301866,917134
2025-02-22,Q2A,47000,2491000,769327,1721673
2025-02-22,Q2B,47000,2491000,562012,1928988
2025-02-23,Q1A,35000,1890000,670344,1219656
2025-02-23,Q1B,35000,1890000,433083,1456917
2025-02-23,Q1C,23000,1242000,311821,930179
2025-02-23,Q2A,47000,2538000,802463,1735537
2025-02-23,Q2B,47000,2538000,562012,1975988
2025-02-24,Q1A,35000,1925000,670344,1254656
2025-02-24,Q1B,35000,1925000,433083,1491917
2025-02-24,Q1C,23000,1265000,311821,953179
2025-02-24,Q2A,47000,2585000,802463,1782537
2025-02-24,Q2B,47000,2585000,562012,2022988
2025-02-25,Q1A,35000,1960000,670344,1289656
2025-02-25,Q1B,35000,1960000,433083,1526917
2025-02-25,Q1C,23000,1288000,311821,976179
2025-02-25,Q2A,47000,2632000,802463,1829537
2025-02-25,Q2B,47000,2632000,562012,2069988
2025-02-26,Q1A,35000,1995000,670344,1324656
2025-02-26,Q1B,35000,1995000,433083,1561917
2025-02-26,Q1C,23000,1311000,311821,999179
2025-02-26,Q2A,47000,2679000,802463,1876537
2025-02-26,Q2B,47000,2679000,562012,2116988
2025-02-27,Q1A,35000,2030000,670344,1359656
2025-02-27,Q1B,35000,2030000,433083,1596917
2025-02-27,Q1C,23000,1334000,311821,1022179
2025-02-27,Q2A,47000,2726000,802463,1923537
2025-02-27,Q2B,47000,2726000,562012,2163988
2025-02-28,Q1A,35000,2065000,721911,1343089
2025-02-28,Q1B,35000,2065000,433083,1631917
2025-02-28,Q1C,23000,1357000,320767,1036233
2025-02-28,Q2A,47000,2773000,877541,1895459
2025-02-28,Q2B,47000,2773000,627445,2145555
2025-03-01,Q1A,35000,2100000,764194,1335806
2025-03-01,Q1B,35000,2100000,433083,1666917
2025-03-01,Q1C,23000,1380000,320767,1059233
2025-03-01,Q2A,47000,2820000,877541,1942459
2025-03-01,Q2B,47000,2820000,627445,2192555
2025-03-02,Q1A,35000,2135000,764194,1370806
2025-03-02,Q1B,35000,2135000,488520,1646480
2025-03-02,Q1C,23000,1403000,351573,1051427
2025-03-02,Q2A,47000,2867000,910157,1956843
2025-03-02,Q2B,47000,2867000,637637,2229363
2025-03-03,Q1A,35000,2170000,764194,1405806
2025-03-03,Q1B,35000,2170000,488520,1681480
2025-03-03,Q1C,23000,1426000,351573,1074427
2025-03-03,Q2A,47000,2914000,910157,2003843
2025-03-03,Q2B,47000,2914000,637637,2276363
2025-03-04,Q1A,35000,2205000,764194,1440806
2025-03-04,Q1B,35000,2205000,488520,1716480
2025-03-04,Q1C,23000,1449000,351573,1097427
2025-03-04,Q2A,47000,2961000,910157,2050843
2025-03-04,Q2B,47000,2961000,637637,2323363
2025-03-05,Q1A,35000,2240000,764194,1475806
2025-03-05,Q1B,35000,2240000,488520,1751480
2025-03-05,Q1C,23000,1472000,351573,1120427
2025-03-05,Q2A,47000,3008000,910157,2097843
2025-03-05,Q2B,47000,3008000,637637,2370363
2025-03-06,Q1A,35000,2275000,764194,1510806
2025-03-06,Q1B,35000,2275000,488520,1786480
2025-03-06,Q1C,23000,1495000,351573,1143427
2025-03-06,Q2A,47000,3055000,910157,2144843
2025-03-06,Q2B,47000,3055000,637637,2417363
2025-03-07,Q1A,35000,2310000,764194,1545806
2025-03-07,Q1B,35000,2310000,488520,1821480
2025-03-07,Q1C,23000,1518000,351573,1166427
2025-03-07,Q2A,47000,3102000,910157,2191843
2025-03-07,Q2B,47000,3102000,637637,2464363
2025-03-08,Q1A,35000,2345000,809112,1535888
2025-03-08,Q1B,35000,2345000,548119,1796881
2025-03-08,Q1C,23000,1541000,351573,1189427
2025-03-08,Q2A,47000,3149000,1024251,2124749
2025-03-08,Q2B,47000,3149000,645071,2503929
2025-03-09,Q1A,35000,2380000,847593,1532407
2025-03-09,Q1B,35000,2380000,548119,1831881
2025-03-09,Q1C,23000,1564000,392652,1171348
2025-03-09,Q2A,47000,3196000,1024251,2171749
2025-03-09,Q2B,47000,3196000,708436,2487564
2025-03-10,Q1A,35000,2415000,847593,1567407
2025-03-10,Q1B,35000,2415000,548119,1866881
2025-03-10,Q1C,23000,1587000,392652,1194348
2025-03-10,Q2A,47000,3243000,1024251,2218749
2025-03-10,Q2B,47000,3243000,708436,2534564
2025-03-11,Q1A,35000,2450000,847593,1602407
2025-03-11,Q1B,35000,2450000,548119,1901881
2025-03-11,Q1C,23000,1610000,392652,1217348
2025-03-11,Q2A,47000,3290000,1024251,2265749
2025-03-11,Q2B,47000,3290000,708436,2581564
2025-03-12,Q1A,35000,2485000,847593,1637407
2025-03-12,Q1B,35000,2485000,548119,1936881
2025-03-12,Q1C,23000,1633000,392652,1240348
2025-03-12,Q2A,47000,3337000,1024251,2312749
2025-03-12,Q2B,47000,3337000,708436,2628564
2025-03-13,Q1A,35000,2520000,873447,1646553
2025-03-13,Q1B,35000,2520000,548119,1971881
2025-03-13,Q1C,23000,1656000,392652,1263348
2025-03-13,Q2A,47000,3384000,1024251,2359749
2025-03-13,Q2B,47000,3384000,708436,2675564
2025-03-14,Q1A,35000,2555000,873447,1681553
2025-03-14,Q1B,35000,2555000,548119,2006881
2025-03-14,Q1C,23000,1679000,425392,1253608
2025-03-14,Q2A,47000,3431000,1024251,2406749
2025-03-14,Q2B,47000,3431000,769300,2661700
2025-03-15,Q1A,35000,2590000,900788,1689212
2025-03-15,Q1B,35000,2590000,573646,2016354
2025-03-15,Q1C,23000,1702000,435926,1266074
2025-03-15,Q2A,47000,3478000,1115051,2362949
2025-03-15,Q2B,47000,3478000,769300,2708700
2025-03-16,Q1A,35000,2625000,943940,1681060
2025-03-16,Q1B,35000,2625000,602145,2022855
2025-03-16,Q1C,23000,1725000,435926,1289074
2025-03-16,Q2A,47000,3525000,1127864,2397136
2025-03-16,Q2B,47000,3525000,779888,2745112
2025-03-17,Q1A,35000,2660000,943940,1716060
2025-03-17,Q1B,35000,2660000,602145,2057855
2025-03-17,Q1C,23000,1748000,435926,1312074
2025-03-17,Q2A,47000,3572000,1127864,2444136
2025-03-17,Q2B,47000,3572000,779888,2792112
2025-03-18,Q1A,35000,2695000,943940,1751060
2025-03-18,Q1B,35000,2695000,602145,2092855
2025-03-18,Q1C,23000,1771000,435926,1335074
2025-03-18,Q2A,47000,3619000,1127864,2491136
2025-03-18,Q2B,47000,3619000,779888,2839112
2025-03-19,Q1A,35000,2730000,943940,1786060
2025-03-19,Q1B,35000,2730000,602145,2127855
2025-03-19,Q1C,23000,1794000,435926,1358074
2025-03-19,Q2A,47000,3666000,1127864,2538136
2025-03-19,Q2B,47000,3666000,779888,2886112
2025-03-20,Q1A,35000,2765000,967664,1797336
2025-03-20,Q1B,35000,2765000,602145,2162855
2025-03-20,Q1C,23000,1817000,435926,1381074
2025-03-20,Q2A,47000,3713000,1127864,2585136
2025-03-20,Q2B,47000,3713000,790278,2922722
2025-03-21,Q1A,35000,2800000,967664,1832336
2025-03-21,Q1B,35000,2800000,602145,2197855
2025-03-21,Q1C,23000,1840000,435926,1404074
2025-03-21,Q2A,47000,3760000,1160030,2599970
2025-03-21,Q2B,47000,3760000,790278,2969722
2025-03-22,Q1A,35000,2835000,967664,1867336
2025-03-22,Q1B,35000,2835000,602145,2232855
2025-03-22,Q1C,23000,1863000,454494,1408506
2025-03-22,Q2A,47000,3807000,1160030,2646970
2025-03-22,Q2B,47000,3807000,790278,3016722
2025-03-23,Q1A,35000,2870000,1036375,1833625
2025-03-23,Q1B,35000,2870000,659472,2210528
2025-03-23,Q1C,23000,1886000,482867,1403133
2025-03-23,Q2A,47000,3854000,1236252,2617748
2025-03-23,Q2B,47000,3854000,855289,2998711
2025-03-24,Q1A,35000,2905000,1036375,1868625
2025-03-24,Q1B,35000,2905000,659472,2245528
2025-03-24,Q1C,23000,1909000,482867,1426133
2025-03-24,Q2A,47000,3901000,1236252,2664748
2025-03-24,Q2B,47000,3901000,855289,3045711
2025-03-25,Q1A,35000,2940000,1036375,1903625
2025-03-25,Q1B,35000,2940000,659472,2280528
2025-03-25,Q1C,23000,1932000,482867,1449133
2025-03-25,Q2A,47000,3948000,1236252,2711748
2025-03-25,Q2B,47000,3948000,855289,3092711
2025-03-26,Q1A,35000,2975000,1036375,1938625
2025-03-26,Q1B,35000,2975000,659472,2315528
2025-03-26,Q1C,23000,1955000,482867,1472133
2025-03-26,Q2A,47000,3995000,1236252,2758748
2025-03-26,Q2B,47000,3995000,855289,3139711
2025-03-27,Q1A,35000,3010000,1036375,1973625
2025-03-27,Q1B,35000,3010000,659472,2350528
2025-03-27,Q1C,23000,1978000,482867,1495133
2025-03-27,Q2A,47000,4042000,1236252,2805748
2025-03-27,Q2B,47000,4042000,855289,3186711
2025-03-28,Q1A,35000,3045000,1058420,1986580
2025-03-28,Q1B,35000,3045000,659472,2385528
2025-03-28,Q1C,23000,2001000,482867,1518133
2025-03-28,Q2A,47000,4089000,1272106,2816894
2025-03-28,Q2B,47000,4089000,862665,3226335
2025-03-29,Q1A,35000,3080000,1058420,2021580
2025-03-29,Q1B,35000,3080000,684754,2395246
2025-03-29,Q1C,23000,2024000,482867,1541133
2025-03-29,Q2A,47000,4136000,1272106,2863894
2025-03-29,Q2B,47000,4136000,862665,3273335
2025-03-30,Q1A,35000,3115000,1132693,1982307
2025-03-30,Q1B,35000,3115000,720777,2394223
2025-03-30,Q1C,23000,2047000,525256,1521744
2025-03-30,Q2A,47000,4183000,1347808,2835192
2025-03-30,Q2B,47000,4183000,930584,3252416
2025-03-31,Q1A,35000,3150000,1132693,2017307
2025-03-31,Q1B,35000,3150000,720777,2429223
2025-03-31,Q1C,23000,2070000,525256,1544744
2025-03-31,Q2A,47000,4230000,1347808,2882192
2025-03-31,Q2B,47000,4230000,930584,3299416
2025-04-01,Q1A,35000,3185000,1132693,2052307
2025-04-01,Q1B,35000,3185000,720777,2464223
2025-04-01,Q1C,23000,2093000,525256,1567744
2025-04-01,Q2A,47000,4277000,1347808,2929192
2025-04-01,Q2B,47000,4277000,930584,3346416
2025-04-02,Q1A,35000,3220000,1132693,2087307
2025-04-02,Q1B,35000,3220000,720777,2499223
2025-04-02,Q1C,23000,2116000,525256,1590744
2025-04-02,Q2A,47000,4324000,1347808,2976192
2025-04-02,Q2B,47000,4324000,930584,3393416
2025-04-03,Q1A,35000,3255000,1132693,2122307
2025-04-03,Q1B,35000,3255000,720777,2534223
2025-04-03,Q1C,23000,2139000,525256,1613744
2025-04-03,Q2A,47000,4371000,1347808,3023192
2025-04-03,Q2B,47000,4371000,930584,3440416
2025-04-04,Q1A,35000,3290000,1132693,2157307
2025-04-04,Q1B,35000,3290000,720777,2569223
2025-04-04,Q1C,23000,2162000,525256,1636744
2025-04-04,Q2A,47000,4418000,1347808,3070192
2025-04-04,Q2B,47000,4418000,930584,3487416
2025-04-05,Q1A,35000,3325000,1151117,2173883
2025-04-05,Q1B,35000,3325000,720777,2604223
2025-04-05,Q1C,23000,2185000,563182,1621818
2025-04-05,Q2A,47000,4465000,1363642,3101358
2025-04-05,Q2B,47000,4465000,934323,3530677
2025-04-06,Q1A,35000,3360000,1210669,2149331
2025-04-06,Q1B,35000,3360000,787807,2572193
2025-04-06,Q1C,23000,2208000,569372,1638628
2025-04-06,Q2A,47000,4512000,1456403,3055597
2025-04-06,Q2B,47000,4512000,1007951,3504049
2025-04-07,Q1A,35000,3395000,1210669,2184331
2025-04-07,Q1B,35000,3395000,787807,2607193
2025-04-07,Q1C,23000,2231000,569372,1661628
2025-04-07,Q2A,47000,4559000,1456403,3102597
2025-04-07,Q2B,47000,4559000,1007951,3551049
2025-04-08,Q1A,35000,3430000,1210669,2219331
2025-04-08,Q1B,35000,3430000,787807,2642193
2025-04-08,Q1C,23000,2254000,569372,1684628
2025-04-08,Q2A,47000,4606000,1456403,3149597
2025-04-08,Q2B,47000,4606000,1007951,3598049
2025-04-09,Q1A,35000,3465000,1210669,2254331
2025-04-09,Q1B,35000,3465000,787807,2677193
2025-04-09,Q1C,23000,2277000,569372,1707628
2025-04-09,Q2A,47000,4653000,1456403,3196597
2025-04-09,Q2B,47000,4653000,1007951,3645049
2025-04-10,Q1A,35000,3500000,1210669,2289331
2025-04-10,Q1B,35000,3500000,787807,2712193
2025-04-10,Q1C,23000,2300000,569372,1730628
2025-04-10,Q2A,47000,4700000,1456403,3243597
2025-04-10,Q2B,47000,4700000,1007951,3692049
2025-04-11,Q1A,35000,3535000,1210669,2324331
2025-04-11,Q1B,35000,3535000,787807,2747193
2025-04-11,Q1C,23000,2323000,592485,1730515
2025-04-11,Q2A,47000,4747000,1525374,3221626
2025-04-11,Q2B,47000,4747000,1007951,3739049
2025-04-12,Q1A,35000,3570000,1210669,2359331
2025-04-12,Q1B,35000,3570000,787807,2782193
2025-04-12,Q1C,23000,2346000,592485,1753515
2025-04-12,Q2A,47000,4794000,1525374,3268626
2025-04-12,Q2B,47000,4794000,1007951,3786049
2025-04-13,Q1A,35000,3605000,1303356,2301644
2025-04-13,Q1B,35000,3605000,844232,2760768
2025-04-13,Q1C,23000,2369000,609519,1759481
2025-04-13,Q2A,47000,4841000,1565628,3275372
2025-04-13,Q2B,47000,4841000,1074290,3766710
2025-04-14,Q1A,35000,3640000,1303356,2336644
2025-04-14,Q1B,35000,3640000,844232,2795768
2025-04-14,Q1C,23000,2392000,609519,1782481
2025-04-14,Q2A,47000,4888000,1565628,3322372
2025-04-14,Q2B,47000,4888000,1074290,3813710
2025-04-15,Q1A,35000,3675000,1303356,2371644
2025-04-15,Q1B,35000,3675000,844232,2830768
2025-04-15,Q1C,23000,2415000,609519,1805481
2025-04-15,Q2A,47000,4935000,1565628,3369372
2025-04-15,Q2B,47000,4935000,1074290,3860710
2025-04-16,Q1A,35000,3710000,1303356,2406644
2025-04-16,Q1B,35000,3710000,844232,2865768
2025-04-16,Q1C,23000,2438000,609519,1828481
2025-04-16,Q2A,47000,4982000,1565628,3416372
2025-04-16,Q2B,47000,4982000,1074290,3907710
2025-04-17,Q1A,35000,3745000,1303356,2441644
2025-04-17,Q1B,35000,3745000,844232,2900768
2025-04-17,Q1C,23000,2461000,609519,1851481
2025-04-17,Q2A,47000,5029000,1565628,3463372
2025-04-17,Q2B,47000,5029000,1074290,3954710
2025-04-18,Q1A,35000,3780000,1303356,2476644
2025-04-18,Q1B,35000,3780000,900646,2879354
2025-04-18,Q1C,23000,2484000,609519,1874481
2025-04-18,Q2A,47000,5076000,1638131,3437869
2025-04-18,Q2B,47000,5076000,1074290,4001710
2025-04-19,Q1A,35000,3815000,1352533,2462467
2025-04-19,Q1B,35000,3815000,900646,2914354
2025-04-19,Q1C,23000,2507000,650736,1856264
2025-04-19,Q2A,47000,5123000,1667064,3455936
2025-04-19,Q2B,47000,5123000,1111251,4011749
2025-04-20,Q1A,35000,3850000,1390449,2459551
2025-04-20,Q1B,35000,3850000,903310,2946690
2025-04-20,Q1C,23000,2530000,650736,1879264
2025-04-20,Q2A,47000,5170000,1667064,3502936
2025-04-20,Q2B,47000,5170000,1145690,4024310
2025-04-21,Q1A,35000,3885000,1390449,2494551
2025-04-21,Q1B,35000,3885000,903310,2981690
2025-04-21,Q1C,23000,2553000,650736,1902264
2025-04-21,Q2A,47000,5217000,1667064,3549936
2025-04-21,Q2B,47000,5217000,1145690,4071310
2025-04-22,Q1A,35000,3920000,1390449,2529551
2025-04-22,Q1B,35000,3920000,903310,3016690
2025-04-22,Q1C,23000,2576000,650736,1925264
2025-04-22,Q2A,47000,5264000,1667064,3596936
2025-04-22,Q2B,47000,5264000,1145690,4118310
2025-04-23,Q1A,35000,3955000,1390449,2564551
2025-04-23,Q1B,35000,3955000,903310,3051690
2025-04-23,Q1C,23000,2599000,650736,1948264
2025-04-23,Q2A,47000,5311000,1667064,3643936
2025-04-23,Q2B,47000,5311000,1145690,4165310
2025-04-24,Q1A,35000,3990000,1390449,2599551
2025-04-24,Q1B,35000,3990000,903310,3086690
2025-04-24,Q1C,23000,2622000,650736,1971264
2025-04-24,Q2A,47000,5358000,1667064,3690936
2025-04-24,Q2B,47000,5358000,1145690,4212310
2025-04-25,Q1A,35000,4025000,1390449,2634551
2025-04-25,Q1B,35000,4025000,923377,3101623
2025-04-25,Q1C,23000,2645000,666052,1978948
2025-04-25,Q2A,47000,5405000,1760720,3644280
2025-04-25,Q2B,47000,5405000,1182918,4222082
2025-04-26,Q1A,35000,4060000,1390449,2669551
2025-04-26,Q1B,35000,4060000,955362,3104638
2025-04-26,Q1C,23000,2668000,677292,1990708
2025-04-26,Q2A,47000,5452000,1760720,3691280
2025-04-26,Q2B,47000,5452000,1182918,4269082
2025-04-27,Q1A,35000,4095000,1487515,2607485
2025-04-27,Q1B,35000,4095000,955362,3139638
2025-04-27,Q1C,23000,2691000,692199,1998801
2025-04-27,Q2A,47000,5499000,1783984,3715016
2025-04-27,Q2B,47000,5499000,1220025,4278975
2025-04-28,Q1A,35000,4130000,1487515,2642485
2025-04-28,Q1B,35000,4130000,955362,3174638
2025-04-28,Q1C,23000,2714000,692199,2021801
2025-04-28,Q2A,47000,5546000,1783984,3762016
2025-04-28,Q2B,47000,5546000,1220025,4325975
2025-04-29,Q1A,35000,4165000,1487515,2677485
2025-04-29,Q1B,35000,4165000,955362,3209638
2025-04-29,Q1C,23000,2737000,692199,2044801
2025-04-29,Q2A,47000,5593000,1783984,3809016
2025-04-29,Q2B,47000,5593000,1220025,4372975
2025-04-30,Q1A,35000,4200000,1487515,2712485
2025-04-30,Q1B,35000,4200000,955362,3244638
2025-04-30,Q1C,23000,2760000,692199,2067801
2025-04-30,Q2A,47000,5640000,1783984,3856016
2025-04-30,Q2B,47000,5640000,1220025,4419975
2025-05-01,Q1A,35000,4235000,1516133,2718867
2025-05-01,Q1B,35000,4235000,977663,3257337
2025-05-01,Q1C,23000,2783000,692199,2090801
2025-05-01,Q2A,47000,5687000,1801159,3885841
2025-05-01,Q2B,47000,5687000,1220025,4466975
2025-05-02,Q1A,35000,4270000,1516133,2753867
2025-05-02,Q1B,35000,4270000,977663,3292337
2025-05-02,Q1C,23000,2806000,692199,2113801
2025-05-02,Q2A,47000,5734000,1801159,3932841
2025-05-02,Q2B,47000,5734000,1220025,4513975
2025-05-03,Q1A,35000,4305000,1516133,2788867
2025-05-03,Q1B,35000,4305000,977663,3327337
2025-05-03,Q1C,23000,2829000,692199,2136801
2025-05-03,Q2A,47000,5781000,1878043,3902957
2025-05-03,Q2B,47000,5781000,1280647,4500353
2025-05-04,Q1A,35000,4340000,1583892,2756108
2025-05-04,Q1B,35000,4340000,1019091,3320909
2025-05-04,Q1C,23000,2852000,733292,2118708
2025-05-04,Q2A,47000,5828000,1895173,3932827
2025-05-04,Q2B,47000,5828000,1290945,4537055
2025-05-05,Q1A,35000,4375000,1583892,2791108
2025-05-05,Q1B,35000,4375000,1019091,3355909
2025-05-05,Q1C,23000,2875000,733292,2141708
2025-05-05,Q2A,47000,5875000,1895173,3979827
2025-05-05,Q2B,47000,5875000,1290945,4584055
2025-05-06,Q1A,35000,4410000,1583892,2826108
2025-05-06,Q1B,35000,4410000,1019091,3390909
2025-05-06,Q1C,23000,2898000,733292,2164708
2025-05-06,Q2A,47000,5922000,1895173,4026827
2025-05-06,Q2B,47000,5922000,1290945,4631055
2025-05-07,Q1A,35000,4445000,1583892,2861108
2025-05-07,Q1B,35000,4445000,1019091,3425909
2025-05-07,Q1C,23000,2921000,733292,2187708
2025-05-07,Q2A,47000,5969000,1895173,4073827
2025-05-07,Q2B,47000,5969000,1290945,4678055
2025-05-08,Q1A,35000,4480000,1583892,2896108
2025-05-08,Q1B,35000,4480000,1019091,3460909
2025-05-08,Q1C,23000,2944000,733292,2210708
2025-05-08,Q2A,47000,6016000,1895173,4120827
2025-05-08,Q2B,47000,6016000,1290945,4725055
2025-05-09,Q1A,35000,4515000,1643445,2871555
2025-05-09,Q1B,35000,4515000,1019091,3495909
2025-05-09,Q1C,23000,2967000,733292,2233708
2025-05-09,Q2A,47000,6063000,1895173,4167827
2025-05-09,Q2B,47000,6063000,1290945,4772055
2025-05-10,Q1A,35000,4550000,1643445,2906555
2025-05-10,Q1B,35000,4550000,1021359,3528641
2025-05-10,Q1C,23000,2990000,744859,2245141
2025-05-10,Q2A,47000,6110000,1895173,4214827
2025-05-10,Q2B,47000,6110000,1290945,4819055
2025-05-11,Q1A,35000,4585000,1667395,2917605
2025-05-11,Q1B,35000,4585000,1080737,3504263
2025-05-11,Q1C,23000,3013000,773395,2239605
2025-05-11,Q2A,47000,6157000,1994343,4162657
2025-05-11,Q2B,47000,6157000,1371699,4785301
2025-05-12,Q1A,35000,4620000,1667395,2952605
2025-05-12,Q1B,35000,4620000,1080737,3539263
2025-05-12,Q1C,23000,3036000,773395,2262605
2025-05-12,Q2A,47000,6204000,1994343,4209657
2025-05-12,Q2B,47000,6204000,1371699,4832301
2025-05-13,Q1A,35000,4655000,1667395,2987605
2025-05-13,Q1B,35000,4655000,1080737,3574263
2025-05-13,Q1C,23000,3059000,773395,2285605
2025-05-13,Q2A,47000,6251000,1994343,4256657
2025-05-13,Q2B,47000,6251000,1371699,4879301
2025-05-14,Q1A,35000,4690000,1667395,3022605
2025-05-14,Q1B,35000,4690000,1080737,3609263
2025-05-14,Q1C,23000,3082000,773395,2308605
2025-05-14,Q2A,47000,6298000,1994343,4303657
2025-05-14,Q2B,47000,6298000,1371699,4926301
2025-05-15,Q1A,35000,4725000,1690179,3034821
2025-05-15,Q1B,35000,4725000,1080737,3644263
2025-05-15,Q1C,23000,3105000,773395,2331605
2025-05-15,Q2A,47000,6345000,1994343,4350657
2025-05-15,Q2B,47000,6345000,1371699,4973301
2025-05-16,Q1A,35000,4760000,1690179,3069821
2025-05-16,Q1B,35000,4760000,1080737,3679263
2025-05-16,Q1C,23000,3128000,784073,2343927
2025-05-16,Q2A,47000,6392000,1994343,4397657
2025-05-16,Q2B,47000,6392000,1371699,5020301
2025-05-17,Q1A,35000,4795000,1737273,3057727
2025-05-17,Q1B,35000,4795000,1133420,3661580
2025-05-17,Q1C,23000,3151000,784073,2366927
2025-05-17,Q2A,47000,6439000,2032294,4406706
2025-05-17,Q2B,47000,6439000,1381602,5057398
2025-05-18,Q1A,35000,4830000,1758235,3071765
2025-05-18,Q1B,35000,4830000,1135699,3694301
2025-05-18,Q1C,23000,3174000,818489,2355511
2025-05-18,Q2A,47000,6486000,2105073,4380927
2025-05-18,Q2B,47000,6486000,1453336,5032664
2025-05-19,Q1A,35000,4865000,1758235,3106765
2025-05-19,Q1B,35000,4865000,1135699,3729301
2025-05-19,Q1C,23000,3197000,818489,2378511
2025-05-19,Q2A,47000,6533000,2105073,4427927
2025-05-19,Q2B,47000,6533000,1453336,5079664
2025-05-20,Q1A,35000,4900000,1758235,3141765
2025-05-20,Q1B,35000,4900000,1135699,3764301
2025-05-20,Q1C,23000,3220000,818489,2401511
2025-05-20,Q2A,47000,6580000,2105073,4474927
2025-05-20,Q2B,47000,6580000,1453336,5126664
2025-05-21,Q1A,35000,4935000,1758235,3176765
2025-05-21,Q1B,35000,4935000,1135699,3799301
2025-05-21,Q1C,23000,3243000,818489,2424511
2025-05-21,Q2A,47000,6627000,2105073,4521927
2025-05-21,Q2B,47000,6627000,1453336,5173664
2025-05-22,Q1A,35000,4970000,1758235,3211765
2025-05-22,Q1B,35000,4970000,1135699,3834301
2025-05-22,Q1C,23000,3266000,818489,2447511
2025-05-22,Q2A,47000,6674000,2105073,4568927
2025-05-22,Q2B,47000,6674000,1453336,5220664
2025-05-23,Q1A,35000,5005000,1784801,3220199
2025-05-23,Q1B,35000,5005000,1135699,3869301
2025-05-23,Q1C,23000,3289000,818489,2470511
2025-05-23,Q2A,47000,6721000,2122745,4598255
2025-05-23,Q2B,47000,6721000,1453336,5267664
2025-05-24,Q1A,35000,5040000,1832500,3207500
2025-05-24,Q1B,35000,5040000,1199258,3840742
2025-05-24,Q1C,23000,3312000,845581,2466419
2025-05-24,Q2A,47000,6768000,2122745,4645255
2025-05-24,Q2B,47000,6768000,1524503,5243497
2025-05-25,Q1A,35000,5075000,1847068,3227932
2025-05-25,Q1B,35000,5075000,1199258,3875742
2025-05-25,Q1C,23000,3335000,865048,2469952
2025-05-25,Q2A,47000,6815000,2218388,4596612
2025-05-25,Q2B,47000,6815000,1528511,5286489
2025-05-26,Q1A,35000,5110000,1847068,3262932
2025-05-26,Q1B,35000,5110000,1199258,3910742
2025-05-26,Q1C,23000,3358000,865048,2492952
2025-05-26,Q2A,47000,6862000,2218388,4643612
2025-05-26,Q2B,47000,6862000,1528511,5333489
2025-05-27,Q1A,35000,5145000,1847068,3297932
2025-05-27,Q1B,35000,5145000,1199258,3945742
2025-05-27,Q1C,23000,3381000,865048,2515952
2025-05-27,Q2A,47000,6909000,2218388,4690612
2025-05-27,Q2B,47000,6909000,1528511,5380489
2025-05-28,Q1A,35000,5180000,1847068,3332932
2025-05-28,Q1B,35000,5180000,1199258,3980742
2025-05-28,Q1C,23000,3404000,865048,2538952
2025-05-28,Q2A,47000,6956000,2218388,4737612
2025-05-28,Q2B,47000,6956000,1528511,5427489
2025-05-29,Q1A,35000,5215000,1863552,3351448
2025-05-29,Q1B,35000,5215000,1199258,4015742
2025-05-29,Q1C,23000,3427000,865048,2561952
2025-05-29,Q2A,47000,7003000,2218388,4784612
2025-05-29,Q2B,47000,7003000,1528511,5474489
2025-05-30,Q1A,35000,5250000,1863552,3386448
2025-05-30,Q1B,35000,5250000,1199258,4050742
2025-05-30,Q1C,23000,3450000,865048,2584952
2025-05-30,Q2A,47000,7050000,2261120,4788880
2025-05-30,Q2B,47000,7050000,1533205,5516795
2025-05-31,Q1A,35000,5285000,1886242,3398758
2025-05-31,Q1B,35000,5285000,1199258,4085742
2025-05-31,Q1C,23000,3473000,890863,2582137
2025-05-31,Q2A,47000,7097000,2315278,4781722
2025-05-31,Q2B,47000,7097000,1575629,5521371
2025-06-01,Q1A,35000,5320000,1937922,3382078
2025-06-01,Q1B,35000,5320000,1252535,4067465
2025-06-01,Q1C,23000,3496000,908778,2587222
2025-06-01,Q2A,47000,7144000,2315278,4828722
2025-06-01,Q2B,47000,7144000,1606426,5537574
2025-06-02,Q1A,35000,5355000,1937922,3417078
2025-06-02,Q1B,35000,5355000,1252535,4102465
2025-06-02,Q1C,23000,3519000,908778,2610222
2025-06-02,Q2A,47000,7191000,2315278,4875722
2025-06-02,Q2B,47000,7191000,1606426,5584574
2025-06-03,Q1A,35000,5390000,1937922,3452078
2025-06-03,Q1B,35000,5390000,1252535,4137465
2025-06-03,Q1C,23000,3542000,908778,2633222
2025-06-03,Q2A,47000,7238000,2315278,4922722
2025-06-03,Q2B,47000,7238000,1606426,5631574
2025-06-04,Q1A,35000,5425000,1937922,3487078
2025-06-04,Q1B,35000,5425000,1252535,4172465
2025-06-04,Q1C,23000,3565000,908778,2656222
2025-06-04,Q2A,47000,7285000,2315278,4969722
2025-06-04,Q2B,47000,7285000,1606426,5678574
2025-06-05,Q1A,35000,5460000,1937922,3522078
2025-06-05,Q1B,35000,5460000,1252535,4207465
2025-06-05,Q1C,23000,3588000,908778,2679222
2025-06-05,Q2A,47000,7332000,2352195,4979805
2025-06-05,Q2B,47000,7332000,1606426,5725574
2025-06-06,Q1A,35000,5495000,1937922,3557078
2025-06-06,Q1B,35000,5495000,1252535,4242465
2025-06-06,Q1C,23000,3611000,908778,2702222
2025-06-06,Q2A,47000,7379000,2352195,5026805
2025-06-06,Q2B,47000,7379000,1606426,5772574
2025-06-07,Q1A,35000,5530000,1987662,3542338
2025-06-07,Q1B,35000,5530000,1278399,4251601
2025-06-07,Q1C,23000,3634000,908778,2725222
2025-06-07,Q2A,47000,7426000,2352195,5073805
2025-06-07,Q2B,47000,7426000,1606426,5819574
2025-06-08,Q1A,35000,5565000,2025892,3539108
2025-06-08,Q1B,35000,5565000,1309762,4255238
2025-06-08,Q1C,23000,3657000,950996,2706004
2025-06-08,Q2A,47000,7473000,2418601,5054399
2025-06-08,Q2B,47000,7473000,1682644,5790356
2025-06-09,Q1A,35000,5600000,2025892,3574108
2025-06-09,Q1B,35000,5600000,1309762,4290238
2025-06-09,Q1C,23000,3680000,950996,2729004
2025-06-09,Q2A,47000,7520000,2418601,5101399
2025-06-09,Q2B,47000,7520000,1682644,5837356
2025-06-10,Q1A,35000,5635000,2025892,3609108
2025-06-10,Q1B,35000,5635000,1309762,4325238
2025-06-10,Q1C,23000,3703000,950996,2752004
2025-06-10,Q2A,47000,7567000,2418601,5148399
2025-06-10,Q2B,47000,7567000,1682644,5884356
2025-06-11,Q1A,35000,5670000,2025892,3644108
2025-06-11,Q1B,35000,5670000,1309762,4360238
2025-06-11,Q1C,23000,3726000,950996,2775004
2025-06-11,Q2A,47000,7614000,2418601,5195399
2025-06-11,Q2B,47000,7614000,1682644,5931356
2025-06-12,Q1A,35000,5705000,2025892,3679108
2025-06-12,Q1B,35000,5705000,1309762,4395238
2025-06-12,Q1C,23000,3749000,950996,2798004
2025-06-12,Q2A,47000,7661000,2418601,5242399
2025-06-12,Q2B,47000,7661000,1682644,5978356
2025-06-13,Q1A,35000,5740000,2025892,3714108
2025-06-13,Q1B,35000,5740000,1309762,4430238
2025-06-13,Q1C,23000,3772000,950996,2821004
2025-06-13,Q2A,47000,7708000,2451544,5256456
2025-06-13,Q2B,47000,7708000,1682644,6025356
2025-06-14,Q1A,35000,5775000,2025892,3749108
2025-06-14,Q1B,35000,5775000,1309762,4465238
2025-06-14,Q1C,23000,3795000,950996,2844004
2025-06-14,Q2A,47000,7755000,2485075,5269925
2025-06-14,Q2B,47000,7755000,1753184,6001816
2025-06-15,Q1A,35000,5810000,2108516,3701484
2025-06-15,Q1B,35000,5810000,1369336,4440664
2025-06-15,Q1C,23000,3818000,995417,2822583
2025-06-15,Q2A,47000,7802000,2522018,5279982
2025-06-15,Q2B,47000,7802000,1763351,6038649
2025-06-16,Q1A,35000,5845000,2108516,3736484
2025-06-16,Q1B,35000,5845000,1369336,4475664
2025-06-16,Q1C,23000,3841000,995417,2845583
2025-06-16,Q2A,47000,7849000,2522018,5326982
2025-06-16,Q2B,47000,7849000,1763351,6085649
2025-06-17,Q1A,35000,5880000,2108516,3771484
2025-06-17,Q1B,35000,5880000,1369336,4510664
2025-06-17,Q1C,23000,3864000,995417,2868583
2025-06-17,Q2A,47000,7896000,2522018,5373982
2025-06-17,Q2B,47000,7896000,1763351,6132649
2025-06-18,Q1A,35000,5915000,2108516,3806484
2025-06-18,Q1B,35000,5915000,1369336,4545664
2025-06-18,Q1C,23000,3887000,995417,2891583
2025-06-18,Q2A,47000,7943000,2522018,5420982
2025-06-18,Q2B,47000,7943000,1763351,6179649
2025-06-19,Q1A,35000,5950000,2108516,3841484
2025-06-19,Q1B,35000,5950000,1431004,4518996
2025-06-19,Q1C,23000,3910000,995417,2914583
2025-06-19,Q2A,47000,7990000,2522018,5467982
2025-06-19,Q2B,47000,7990000,1763351,6226649
2025-06-20,Q1A,35000,5985000,2108516,3876484
2025-06-20,Q1B,35000,5985000,1431004,4553996
2025-06-20,Q1C,23000,3933000,995417,2937583
2025-06-20,Q2A,47000,8037000,2522018,5514982
2025-06-20,Q2B,47000,8037000,1763351,6273649
2025-06-21,Q1A,35000,6020000,2108516,3911484
2025-06-21,Q1B,35000,6020000,1433505,4586495
2025-06-21,Q1C,23000,3956000,1025785,2930215
2025-06-21,Q2A,47000,8084000,2543232,5540768
2025-06-21,Q2B,47000,8084000,1797777,6286223
2025-06-22,Q1A,35000,6055000,2186430,3868570
2025-06-22,Q1B,35000,6055000,1433505,4621495
2025-06-22,Q1C,23000,3979000,1038269,2940731
2025-06-22,Q2A,47000,8131000,2622731,5508269
2025-06-22,Q2B,47000,8131000,1832750,6298250
2025-06-23,Q1A,35000,6090000,2186430,3903570
2025-06-23,Q1B,35000,6090000,1433505,4656495
2025-06-23,Q1C,23000,4002000,1038269,2963731
2025-06-23,Q2A,47000,8178000,2622731,5555269
2025-06-23,Q2B,47000,8178000,1832750,6345250
2025-06-24,Q1A,35000,6125000,2186430,3938570
2025-06-24,Q1B,35000,6125000,1433505,4691495
2025-06-24,Q1C,23000,4025000,1038269,2986731
2025-06-24,Q2A,47000,8225000,2622731,5602269
2025-06-24,Q2B,47000,8225000,1832750,6392250
2025-06-25,Q1A,35000,6160000,2186430,3973570
2025-06-25,Q1B,35000,6160000,1433505,4726495
2025-06-25,Q1C,23000,4048000,1038269,3009731
2025-06-25,Q2A,47000,8272000,2622731,5649269
2025-06-25,Q2B,47000,8272000,1832750,6439250
2025-06-26,Q1A,35000,6195000,2186430,4008570
2025-06-26,Q1B,35000,6195000,1433505,4761495
2025-06-26,Q1C,23000,4071000,1038269,3032731
2025-06-26,Q2A,47000,8319000,2622731,5696269
2025-06-26,Q2B,47000,8319000,1832750,6486250
2025-06-27,Q1A,35000,6230000,2213975,4016025
2025-06-27,Q1B,35000,6230000,1433505,4796495
2025-06-27,Q1C,23000,4094000,1038269,3055731
2025-06-27,Q2A,47000,8366000,2622731,5743269
2025-06-27,Q2B,47000,8366000,1842836,6523164
2025-06-28,Q1A,35000,6265000,2213975,4051025
2025-06-28,Q1B,35000,6265000,1435665,4829335
2025-06-28,Q1C,23000,4117000,1038269,3078731
2025-06-28,Q2A,47000,8413000,2727905,5685095
2025-06-28,Q2B,47000,8413000,1842836,6570164
2025-06-29,Q1A,35000,6300000,2273448,4026552
2025-06-29,Q1B,35000,6300000,1491829,4808171
2025-06-29,Q1C,23000,4140000,1077749,3062251
2025-06-29,Q2A,47000,8460000,2727905,5732095
2025-06-29,Q2B,47000,8460000,1908608,6551392
2025-06-30,Q1A,35000,6335000,2273448,4061552
2025-06-30,Q1B,35000,6335000,1491829,4843171
2025-06-30,Q1C,23000,4163000,1077749,3085251
2025-06-30,Q2A,47000,8507000,2727905,5779095
2025-06-30,Q2B,47000,8507000,1908608,6598392
2025-07-01,Q1A,35000,6370000,2273448,4096552
2025-07-01,Q1B,35000,6370000,1491829,4878171
2025-07-01,Q1C,23000,4186000,1077749,3108251
2025-07-01,Q2A,47000,8554000,2727905,5826095
2025-07-01,Q2B,47000,8554000,1908608,6645392
2025-07-02,Q1A,35000,6405000,2273448,4131552
2025-07-02,Q1B,35000,6405000,1491829,4913171
2025-07-02,Q1C,23000,4209000,1077749,3131251
2025-07-02,Q2A,47000,8601000,2727905,5873095
2025-07-02,Q2B,47000,8601000,1908608,6692392
2025-07-03,Q1A,35000,6440000,2273448,4166552
2025-07-03,Q1B,35000,6440000,1491829,4948171
2025-07-03,Q1C,23000,4232000,1077749,3154251
2025-07-03,Q2A,47000,8648000,2727905,5920095
2025-07-03,Q2B,47000,8648000,1908608,6739392
2025-07-04,Q1A,35000,6475000,2273448,4201552
2025-07-04,Q1B,35000,6475000,1494151,4980849
2025-07-04,Q1C,23000,4255000,1077749,3177251
2025-07-04,Q2A,47000,8695000,2727905,5967095
2025-07-04,Q2B,47000,8695000,1908608,6786392
2025-07-05,Q1A,35000,6510000,2318587,4191413
2025-07-05,Q1B,35000,6510000,1494151,5015849
2025-07-05,Q1C,23000,4278000,1077749,3200251
2025-07-05,Q2A,47000,8742000,2759319,5982681
2025-07-05,Q2B,47000,8742000,1968277,6773723
2025-07-06,Q1A,35000,6545000,2362505,4182495
2025-07-06,Q1B,35000,6545000,1541854,5003146
2025-07-06,Q1C,23000,4301000,1119102,3181898
2025-07-06,Q2A,47000,8789000,2827033,5961967
2025-07-06,Q2B,47000,8789000,1977670,6811330
2025-07-07,Q1A,35000,6580000,2362505,4217495
2025-07-07,Q1B,35000,6580000,1541854,5038146
2025-07-07,Q1C,23000,4324000,1119102,3204898
2025-07-07,Q2A,47000,8836000,2827033,6008967
2025-07-07,Q2B,47000,8836000,1977670,6858330
2025-07-08,Q1A,35000,6615000,2362505,4252495
2025-07-08,Q1B,35000,6615000,1541854,5073146
2025-07-08,Q1C,23000,4347000,1119102,3227898
2025-07-08,Q2A,47000,8883000,2827033,6055967
2025-07-08,Q2B,47000,8883000,1977670,6905330
2025-07-09,Q1A,35000,6650000,2362505,4287495
2025-07-09,Q1B,35000,6650000,1541854,5108146
2025-07-09,Q1C,23000,4370000,1119102,3250898
2025-07-09,Q2A,47000,8930000,2827033,6102967
2025-07-09,Q2B,47000,8930000,1977670,6952330
2025-07-10,Q1A,35000,6685000,2362505,4322495
2025-07-10,Q1B,35000,6685000,1541854,5143146
2025-07-10,Q1C,23000,4393000,1119102,3273898
2025-07-10,Q2A,47000,8977000,2846098,6130902
2025-07-10,Q2B,47000,8977000,1977670,6999330
2025-07-11,Q1A,35000,6720000,2380873,4339127
2025-07-11,Q1B,35000,6720000,1596974,5123026
2025-07-11,Q1C,23000,4416000,1129885,3286115
2025-07-11,Q2A,47000,9024000,2923758,6100242
2025-07-11,Q2B,47000,9024000,1977670,7046330
2025-07-12,Q1A,35000,6755000,2399890,4355110
2025-07-12,Q1B,35000,6755000,1596974,5158026
2025-07-12,Q1C,23000,4439000,1129885,3309115
2025-07-12,Q2A,47000,9071000,2923758,6147242
2025-07-12,Q2B,47000,9071000,1982785,7088215
2025-07-13,Q1A,35000,6790000,2442030,4347970
2025-07-13,Q1B,35000,6790000,1599224,5190776
2025-07-13,Q1C,23000,4462000,1157310,3304690
2025-07-13,Q2A,47000,9118000,2923758,6194242
2025-07-13,Q2B,47000,9118000,2049387,7068613
2025-07-14,Q1A,35000,6825000,2442030,4382970
2025-07-14,Q1B,35000,6825000,1599224,5225776
2025-07-14,Q1C,23000,4485000,1157310,3327690
2025-07-14,Q2A,47000,9165000,2923758,6241242
2025-07-14,Q2B,47000,9165000,2049387,7115613
2025-07-15,Q1A,35000,6860000,2442030,4417970
2025-07-15,Q1B,35000,6860000,1599224,5260776
2025-07-15,Q1C,23000,4508000,1157310,3350690
2025-07-15,Q2A,47000,9212000,2923758,6288242
2025-07-15,Q2B,47000,9212000,2049387,7162613
2025-07-16,Q1A,35000,6895000,2442030,4452970
2025-07-16,Q1B,35000,6895000,1599224,5295776
2025-07-16,Q1C,23000,4531000,1157310,3373690
2025-07-16,Q2A,47000,9259000,2923758,6335242
2025-07-16,Q2B,47000,9259000,2049387,7209613
2025-07-17,Q1A,35000,6930000,2442030,4487970
2025-07-17,Q1B,35000,6930000,1630094,5299906
2025-07-17,Q1C,23000,4554000,1162624,3391376
2025-07-17,Q2A,47000,9306000,2959793,6346207
2025-07-17,Q2B,47000,9306000,2049387,7256613
2025-07-18,Q1A,35000,6965000,2442030,4522970
2025-07-18,Q1B,35000,6965000,1630094,5334906
2025-07-18,Q1C,23000,4577000,1162624,3414376
2025-07-18,Q2A,47000,9353000,2959793,6393207
2025-07-18,Q2B,47000,9353000,2049387,7303613
2025-07-19,Q1A,35000,7000000,2442030,4557970
2025-07-19,Q1B,35000,7000000,1630094,5369906
2025-07-19,Q1C,23000,4600000,1162624,3437376
2025-07-19,Q2A,47000,9400000,2959793,6440207
2025-07-19,Q2B,47000,9400000,2109323,7290677
2025-07-20,Q1A,35000,7035000,2525402,4509598
2025-07-20,Q1B,35000,7035000,1649195,5385805
2025-07-20,Q1C,23000,4623000,1197622,3425378
2025-07-20,Q2A,47000,9447000,3020837,6426163
2025-07-20,Q2B,47000,9447000,2119050,7327950
2025-07-21,Q1A,35000,7070000,2525402,4544598
2025-07-21,Q1B,35000,7070000,1649195,5420805
2025-07-21,Q1C,23000,4646000,1197622,3448378
2025-07-21,Q2A,47000,9494000,3020837,6473163
2025-07-21,Q2B,47000,9494000,2119050,7374950
2025-07-22,Q1A,35000,7105000,2525402,4579598
2025-07-22,Q1B,35000,7105000,1649195,5455805
2025-07-22,Q1C,23000,4669000,1197622,3471378
2025-07-22,Q2A,47000,9541000,3020837,6520163
2025-07-22,Q2B,47000,9541000,2119050,7421950
2025-07-23,Q1A,35000,7140000,2525402,4614598
2025-07-23,Q1B,35000,7140000,1649195,5490805
2025-07-23,Q1C,23000,4692000,1197622,3494378
2025-07-23,Q2A,47000,9588000,3020837,6567163
2025-07-23,Q2B,47000,9588000,2119050,7468950
2025-07-24,Q1A,35000,7175000,2544170,4630830
2025-07-24,Q1B,35000,7175000,1649195,5525805
2025-07-24,Q1C,23000,4715000,1197622,3517378
2025-07-24,Q2A,47000,9635000,3020837,6614163
2025-07-24,Q2B,47000,9635000,2119050,7515950
2025-07-25,Q1A,35000,7210000,2544170,4665830
2025-07-25,Q1B,35000,7210000,1696487,5513513
2025-07-25,Q1C,23000,4738000,1197622,3540378
2025-07-25,Q2A,47000,9682000,3051052,6630948
2025-07-25,Q2B,47000,9682000,2119050,7562950
2025-07-26,Q1A,35000,7245000,2569901,4675099
2025-07-26,Q1B,35000,7245000,1696487,5548513
2025-07-26,Q1C,23000,4761000,1209609,3551391
2025-07-26,Q2A,47000,9729000,3078629,6650371
2025-07-26,Q2B,47000,9729000,2123823,7605177
2025-07-27,Q1A,35000,7280000,2603971,4676029
2025-07-27,Q1B,35000,7280000,1698854,5581146
2025-07-27,Q1C,23000,4784000,1236349,3547651
2025-07-27,Q2A,47000,9776000,3111825,6664175
2025-07-27,Q2B,47000,9776000,2188541,7587459
2025-07-28,Q1A,35000,7315000,2603971,4711029
2025-07-28,Q1B,35000,7315000,1698854,5616146
2025-07-28,Q1C,23000,4807000,1236349,3570651
2025-07-28,Q2A,47000,9823000,3111825,6711175
2025-07-28,Q2B,47000,9823000,2188541,7634459
2025-07-29,Q1A,35000,7350000,2603971,4746029
2025-07-29,Q1B,35000,7350000,1698854,5651146
2025-07-29,Q1C,23000,4830000,1236349,3593651
2025-07-29,Q2A,47000,9870000,3111825,6758175
2025-07-29,Q2B,47000,9870000,2188541,7681459
2025-07-30,Q1A,35000,7385000,2603971,4781029
2025-07-30,Q1B,35000,7385000,1698854,5686146
2025-07-30,Q1C,23000,4853000,1236349,3616651
2025-07-30,Q2A,47000,9917000,3111825,6805175
2025-07-30,Q2B,47000,9917000,2188541,7728459
2025-07-31,Q1A,35000,7420000,2603971,4816029
2025-07-31,Q1B,35000,7420000,1749862,5670138
2025-07-31,Q1C,23000,4876000,1236349,3639651
2025-07-31,Q2A,47000,9964000,3111825,6852175
2025-07-31,Q2B,47000,9964000,2188541,7775459
2025-08-01,Q1A,35000,7455000,2622134,4832866
2025-08-01,Q1B,35000,7455000,1749862,5705138
2025-08-01,Q1C,23000,4899000,1250338,3648662
2025-08-01,Q2A,47000,10011000,3111825,6899175
2025-08-01,Q2B,47000,10011000,2188541,7822459
2025-08-02,Q1A,35000,7490000,2622134,4867866
2025-08-02,Q1B,35000,7490000,1749862,5740138
2025-08-02,Q1C,23000,4922000,1250338,3671662
2025-08-02,Q2A,47000,10058000,3111825,6946175
2025-08-02,Q2B,47000,10058000,2254503,7803497
2025-08-03,Q1A,35000,7525000,2680501,4844499
2025-08-03,Q1B,35000,7525000,1749862,5775138
2025-08-03,Q1C,23000,4945000,1274997,3670003
2025-08-03,Q2A,47000,10105000,3205240,6899760
2025-08-03,Q2B,47000,10105000,2258893,7846107
2025-08-04,Q1A,35000,7560000,2680501,4879499
2025-08-04,Q1B,35000,7560000,1749862,5810138
2025-08-04,Q1C,23000,4968000,1274997,3693003
2025-08-04,Q2A,47000,10152000,3205240,6946760
2025-08-04,Q2B,47000,10152000,2258893,7893107
2025-08-05,Q1A,35000,7595000,2680501,4914499
2025-08-05,Q1B,35000,7595000,1749862,5845138
2025-08-05,Q1C,23000,4991000,1274997,3716003
2025-08-05,Q2A,47000,10199000,3205240,6993760
2025-08-05,Q2B,47000,10199000,2258893,7940107
2025-08-06,Q1A,35000,7630000,2680501,4949499
2025-08-06,Q1B,35000,7630000,1749862,5880138
2025-08-06,Q1C,23000,5014000,1274997,3739003
2025-08-06,Q2A,47000,10246000,3205240,7040760
2025-08-06,Q2B,47000,10246000,2258893,7987107
2025-08-07,Q1A,35000,7665000,2680501,4984499
2025-08-07,Q1B,35000,7665000,1749862,5915138
2025-08-07,Q1C,23000,5037000,1274997,3762003
2025-08-07,Q2A,47000,10293000,3237807,7055193
2025-08-07,Q2B,47000,10293000,2258893,8034107
2025-08-08,Q1A,35000,7700000,2680501,5019499
2025-08-08,Q1B,35000,7700000,1749862,5950138
2025-08-08,Q1C,23000,5060000,1296834,3763166
2025-08-08,Q2A,47000,10340000,3237807,7102193
2025-08-08,Q2B,47000,10340000,2258893,8081107
2025-08-09,Q1A,35000,7735000,2721370,5013630
2025-08-09,Q1B,35000,7735000,1768983,5966017
2025-08-09,Q1C,23000,5083000,1296834,3786166
2025-08-09,Q2A,47000,10387000,3237807,7149193
2025-08-09,Q2B,47000,10387000,2258893,8128107
2025-08-10,Q1A,35000,7770000,2758434,5011566
2025-08-10,Q1B,35000,7770000,1802173,5967827
2025-08-10,Q1C,23000,5106000,1313144,3792856
2025-08-10,Q2A,47000,10434000,3303172,7130828
2025-08-10,Q2B,47000,10434000,2325292,8108708
2025-08-11,Q1A,35000,7805000,2758434,5046566
2025-08-11,Q1B,35000,7805000,1802173,6002827
2025-08-11,Q1C,23000,5129000,1313144,3815856
2025-08-11,Q2A,47000,10481000,3303172,7177828
2025-08-11,Q2B,47000,10481000,2325292,8155708
2025-08-12,Q1A,35000,7840000,2758434,5081566
2025-08-12,Q1B,35000,7840000,1802173,6037827
2025-08-12,Q1C,23000,5152000,1313144,3838856
2025-08-12,Q2A,47000,10528000,3303172,7224828
2025-08-12,Q2B,47000,10528000,2325292,8202708
2025-08-13,Q1A,35000,7875000,2758434,5116566
2025-08-13,Q1B,35000,7875000,1802173,6072827
2025-08-13,Q1C,23000,5175000,1313144,3861856
2025-08-13,Q2A,47000,10575000,3303172,7271828
2025-08-13,Q2B,47000,10575000,2325292,8249708
2025-08-14,Q1A,35000,7910000,2758434,5151566
2025-08-14,Q1B,35000,7910000,1802173,6107827
2025-08-14,Q1C,23000,5198000,1313144,3884856
2025-08-14,Q2A,47000,10622000,3303172,7318828
2025-08-14,Q2B,47000,10622000,2325292,8296708
2025-08-15,Q1A,35000,7945000,2773442,5171558
2025-08-15,Q1B,35000,7945000,1830865,6114135
2025-08-15,Q1C,23000,5221000,1320398,3900602
2025-08-15,Q2A,47000,10669000,3303172,7365828
2025-08-15,Q2B,47000,10669000,2359222,8309778
2025-08-16,Q1A,35000,7980000,2773442,5206558
2025-08-16,Q1B,35000,7980000,1833067,6146933
2025-08-16,Q1C,23000,5244000,1333825,3910175
2025-08-16,Q2A,47000,10716000,3303172,7412828
2025-08-16,Q2B,47000,10716000,2368712,8347288
2025-08-17,Q1A,35000,8015000,2829907,5185093
2025-08-17,Q1B,35000,8015000,1850431,6164569
2025-08-17,Q1C,23000,5267000,1350696,3916304
2025-08-17,Q2A,47000,10763000,3394496,7368504
2025-08-17,Q2B,47000,10763000,2392248,8370752
2025-08-18,Q1A,35000,8050000,2829907,5220093
2025-08-18,Q1B,35000,8050000,1850431,6199569
2025-08-18,Q1C,23000,5290000,1350696,3939304
2025-08-18,Q2A,47000,10810000,3394496,7415504
2025-08-18,Q2B,47000,10810000,2392248,8417752
2025-08-19,Q1A,35000,8085000,2829907,5255093
2025-08-19,Q1B,35000,8085000,1850431,6234569
2025-08-19,Q1C,23000,5313000,1350696,3962304
2025-08-19,Q2A,47000,10857000,3394496,7462504
2025-08-19,Q2B,47000,10857000,2392248,8464752
2025-08-20,Q1A,35000,8120000,2829907,5290093
2025-08-20,Q1B,35000,8120000,1850431,6269569
2025-08-20,Q1C,23000,5336000,1350696,3985304
2025-08-20,Q2A,47000,10904000,3394496,7509504
2025-08-20,Q2B,47000,10904000,2392248,8511752
2025-08-21,Q1A,35000,8155000,2829907,5325093
2025-08-21,Q1B,35000,8155000,1850431,6304569
2025-08-21,Q1C,23000,5359000,1350696,4008304
2025-08-21,Q2A,47000,10951000,3394496,7556504
2025-08-21,Q2B,47000,10951000,2392248,8558752
2025-08-22,Q1A,35000,8190000,2829907,5360093
2025-08-22,Q1B,35000,8190000,1850431,6339569
2025-08-22,Q1C,23000,5382000,1378510,4003490
2025-08-22,Q2A,47000,10998000,3436455,7561545
2025-08-22,Q2B,47000,10998000,2419101,8578899
2025-08-23,Q1A,35000,8225000,2871402,5353598
2025-08-23,Q1B,35000,8225000,1872104,6352896
2025-08-23,Q1C,23000,5405000,1378510,4026490
2025-08-23,Q2A,47000,11045000,3436455,7608545
2025-08-23,Q2B,47000,11045000,2419101,8625899
2025-08-24,Q1A,35000,8260000,2901467,5358533
2025-08-24,Q1B,35000,8260000,1899532,6360468
2025-08-24,Q1C,23000,5428000,1388096,4039904
2025-08-24,Q2A,47000,11092000,3491850,7600150
2025-08-24,Q2B,47000,11092000,2451288,8640712
2025-08-25,Q1A,35000,8295000,2901467,5393533
2025-08-25,Q1B,35000,8295000,1899532,6395468
2025-08-25,Q1C,23000,5451000,1388096,4062904
2025-08-25,Q2A,47000,11139000,3491850,7647150
2025-08-25,Q2B,47000,11139000,2451288,8687712
2025-08-26,Q1A,35000,8330000,2901467,5428533
2025-08-26,Q1B,35000,8330000,1899532,6430468
2025-08-26,Q1C,23000,5474000,1388096,4085904
2025-08-26,Q2A,47000,11186000,3491850,7694150
2025-08-26,Q2B,47000,11186000,2451288,8734712
2025-08-27,Q1A,35000,8365000,2901467,5463533
2025-08-27,Q1B,35000,8365000,1899532,6465468
2025-08-27,Q1C,23000,5497000,1388096,4108904
2025-08-27,Q2A,47000,11233000,3491850,7741150
2025-08-27,Q2B,47000,11233000,2451288,8781712
2025-08-28,Q1A,35000,8400000,2901467,5498533
2025-08-28,Q1B,35000,8400000,1899532,6500468
2025-08-28,Q1C,23000,5520000,1388096,4131904
2025-08-28,Q2A,47000,11280000,3504465,7775535
2025-08-28,Q2B,47000,11280000,2451288,8828712
2025-08-29,Q1A,35000,8435000,2901467,5533533
2025-08-29,Q1B,35000,8435000,1899532,6535468
2025-08-29,Q1C,23000,5543000,1396739,4146261
2025-08-29,Q2A,47000,11327000,3504465,7822535
2025-08-29,Q2B,47000,11327000,2451288,8875712
2025-08-30,Q1A,35000,8470000,2973368,5496632
2025-08-30,Q1B,35000,8470000,1929988,6540012
2025-08-30,Q1C,23000,5566000,1396739,4169261
2025-08-30,Q2A,47000,11374000,3504465,7869535
2025-08-30,Q2B,47000,11374000,2459923,8914077
2025-08-31,Q1A,35000,8505000,2973368,5531632
2025-08-31,Q1B,35000,8505000,1955810,6549190
2025-08-31,Q1C,23000,5589000,1424843,4164157
2025-08-31,Q2A,47000,11421000,3582388,7838612
2025-08-31,Q2B,47000,11421000,2512246,8908754
2025-09-01,Q1A,35000,8540000,2973368,5566632
2025-09-01,Q1B,35000,8540000,1955810,6584190
2025-09-01,Q1C,23000,5612000,1424843,4187157
2025-09-01,Q2A,47000,11468000,3582388,7885612
2025-09-01,Q2B,47000,11468000,2512246,8955754
2025-09-02,Q1A,35000,8575000,2973368,5601632
2025-09-02,Q1B,35000,8575000,1955810,6619190
2025-09-02,Q1C,23000,5635000,1424843,4210157
2025-09-02,Q2A,47000,11515000,3582388,7932612
2025-09-02,Q2B,47000,11515000,2512246,9002754
2025-09-03,Q1A,35000,8610000,2973368,5636632
2025-09-03,Q1B,35000,8610000,1955810,6654190
2025-09-03,Q1C,23000,5658000,1424843,4233157
2025-09-03,Q2A,47000,11562000,3582388,7979612
2025-09-03,Q2B,47000,11562000,2512246,9049754
2025-09-04,Q1A,35000,8645000,2973368,5671632
2025-09-04,Q1B,35000,8645000,1955810,6689190
2025-09-04,Q1C,23000,5681000,1433249,4247751
2025-09-04,Q2A,47000,11609000,3582388,8026612
2025-09-04,Q2B,47000,11609000,2512246,9096754
2025-09-05,Q1A,35000,8680000,2973368,5706632
2025-09-05,Q1B,35000,8680000,1955810,6724190
2025-09-05,Q1C,23000,5704000,1454338,4249662
2025-09-05,Q2A,47000,11656000,3627716,8028284
2025-09-05,Q2B,47000,11656000,2541838,9114162
2025-09-06,Q1A,35000,8715000,2973368,5741632
2025-09-06,Q1B,35000,8715000,2007556,6707444
2025-09-06,Q1C,23000,5727000,1454338,4272662
2025-09-06,Q2A,47000,11703000,3627716,8075284
2025-09-06,Q2B,47000,11703000,2541838,9161162
2025-09-07,Q1A,35000,8750000,3046526,5703474
2025-09-07,Q1B,35000,8750000,2007556,6742444
2025-09-07,Q1C,23000,5750000,1459541,4290459
2025-09-07,Q2A,47000,11750000,3670555,8079445
2025-09-07,Q2B,47000,11750000,2579174,9170826
2025-09-08,Q1A,35000,8785000,3046526,5738474
2025-09-08,Q1B,35000,8785000,2007556,6777444
2025-09-08,Q1C,23000,5773000,1459541,4313459
2025-09-08,Q2A,47000,11797000,3670555,8126445
2025-09-08,Q2B,47000,11797000,2579174,9217826
2025-09-09,Q1A,35000,8820000,3046526,5773474
2025-09-09,Q1B,35000,8820000,2007556,6812444
2025-09-09,Q1C,23000,5796000,1459541,4336459
2025-09-09,Q2A,47000,11844000,3670555,8173445
2025-09-09,Q2B,47000,11844000,2579174,9264826
2025-09-10,Q1A,35000,8855000,3046526,5808474
2025-09-10,Q1B,35000,8855000,2007556,6847444
2025-09-10,Q1C,23000,5819000,1459541,4359459
2025-09-10,Q2A,47000,11891000,3670555,8220445
2025-09-10,Q2B,47000,11891000,2579174,9311826
2025-09-11,Q1A,35000,8890000,3046526,5843474
2025-09-11,Q1B,35000,8890000,2007556,6882444
2025-09-11,Q1C,23000,5842000,1459541,4382459
2025-09-11,Q2A,47000,11938000,3682889,8255111
2025-09-11,Q2B,47000,11938000,2579174,9358826
2025-09-12,Q1A,35000,8925000,3046526,5878474
2025-09-12,Q1B,35000,8925000,2033014,6891986
2025-09-12,Q1C,23000,5865000,1459541,4405459
2025-09-12,Q2A,47000,11985000,3682889,8302111
2025-09-12,Q2B,47000,11985000,2579174,9405826
2025-09-13,Q1A,35000,8960000,3097357,5862643
2025-09-13,Q1B,35000,8960000,2035070,6924930
2025-09-13,Q1C,23000,5888000,1481076,4406924
2025-09-13,Q2A,47000,12032000,3682889,8349111
2025-09-13,Q2B,47000,12032000,2582422,9449578
2025-09-14,Q1A,35000,8995000,3120975,5874025
2025-09-14,Q1B,35000,8995000,2060837,6934163
2025-09-14,Q1C,23000,5911000,1497046,4413954
2025-09-14,Q2A,47000,12079000,3757898,8321102
2025-09-14,Q2B,47000,12079000,2644470,9434530
2025-09-15,Q1A,35000,9030000,3120975,5909025
2025-09-15,Q1B,35000,9030000,2060837,6969163
2025-09-15,Q1C,23000,5934000,1497046,4436954
2025-09-15,Q2A,47000,12126000,3757898,8368102
2025-09-15,Q2B,47000,12126000,2644470,9481530
2025-09-16,Q1A,35000,9065000,3120975,5944025
2025-09-16,Q1B,35000,9065000,2060837,7004163
2025-09-16,Q1C,23000,5957000,1497046,4459954
2025-09-16,Q2A,47000,12173000,3757898,8415102
2025-09-16,Q2B,47000,12173000,2644470,9528530
2025-09-17,Q1A,35000,9100000,3120975,5979025
2025-09-17,Q1B,35000,9100000,2060837,7039163
2025-09-17,Q1C,23000,5980000,1497046,4482954
2025-09-17,Q2A,47000,12220000,3757898,8462102
2025-09-17,Q2B,47000,12220000,2644470,9575530
2025-09-18,Q1A,35000,9135000,3120975,6014025
2025-09-18,Q1B,35000,9135000,2060837,7074163
2025-09-18,Q1C,23000,6003000,1497046,4505954
2025-09-18,Q2A,47000,12267000,3757898,8509102
2025-09-18,Q2B,47000,12267000,2644470,9622530
2025-09-19,Q1A,35000,9170000,3120975,6049025
2025-09-19,Q1B,35000,9170000,2083767,7086233
2025-09-19,Q1C,23000,6026000,1517854,4508146
2025-09-19,Q2A,47000,12314000,3757898,8556102
2025-09-19,Q2B,47000,12314000,2702534,9611466
2025-09-20,Q1A,35000,9205000,3199023,6005977
2025-09-20,Q1B,35000,9205000,2104877,7100123
2025-09-20,Q1C,23000,6049000,1523811,4525189
2025-09-20,Q2A,47000,12361000,3811332,8549668
2025-09-20,Q2B,47000,12361000,2706369,9654631
2025-09-21,Q1A,35000,9240000,3199023,6040977
2025-09-21,Q1B,35000,9240000,2106990,7133010
2025-09-21,Q1C,23000,6072000,1536313,4535687
2025-09-21,Q2A,47000,12408000,3849764,8558236
2025-09-21,Q2B,47000,12408000,2706369,9701631
2025-09-22,Q1A,35000,9275000,3199023,6075977
2025-09-22,Q1B,35000,9275000,2106990,7168010
2025-09-22,Q1C,23000,6095000,1536313,4558687
2025-09-22,Q2A,47000,12455000,3849764,8605236
2025-09-22,Q2B,47000,12455000,2706369,9748631
2025-09-23,Q1A,35000,9310000,3199023,6110977
2025-09-23,Q1B,35000,9310000,2106990,7203010
2025-09-23,Q1C,23000,6118000,1536313,4581687
2025-09-23,Q2A,47000,12502000,3849764,8652236
2025-09-23,Q2B,47000,12502000,2706369,9795631
2025-09-24,Q1A,35000,9345000,3199023,6145977
2025-09-24,Q1B,35000,9345000,2106990,7238010
2025-09-24,Q1C,23000,6141000,1536313,4604687
2025-09-24,Q2A,47000,12549000,3849764,8699236
2025-09-24,Q2B,47000,12549000,2706369,9842631
2025-09-25,Q1A,35000,9380000,3199023,6180977
2025-09-25,Q1B,35000,9380000,2106990,7273010
2025-09-25,Q1C,23000,6164000,1545403,4618597
2025-09-25,Q2A,47000,12596000,3849764,8746236
2025-09-25,Q2B,47000,12596000,2706369,9889631
2025-09-26,Q1A,35000,9415000,3214134,6200866
2025-09-26,Q1B,35000,9415000,2106990,7308010
2025-09-26,Q1C,23000,6187000,1551842,4635158
2025-09-26,Q2A,47000,12643000,3849764,8793236
2025-09-26,Q2B,47000,12643000,2710347,9932653
2025-09-27,Q1A,35000,9450000,3214134,6235866
2025-09-27,Q1B,35000,9450000,2157320,7292680
2025-09-27,Q1C,23000,6210000,1564844,4645156
2025-09-27,Q2A,47000,12690000,3874297,8815703
2025-09-27,Q2B,47000,12690000,2713894,9976106
2025-09-28,Q1A,35000,9485000,3275457,6209543
2025-09-28,Q1B,35000,9485000,2159399,7325601
2025-09-28,Q1C,23000,6233000,1572394,4660606
2025-09-28,Q2A,47000,12737000,3941206,8795794
2025-09-28,Q2B,47000,12737000,2769932,9967068
2025-09-29,Q1A,35000,9520000,3275457,6244543
2025-09-29,Q1B,35000,9520000,2159399,7360601
2025-09-29,Q1C,23000,6256000,1572394,4683606
2025-09-29,Q2A,47000,12784000,3941206,8842794
2025-09-29,Q2B,47000,12784000,2769932,10014068
2025-09-30,Q1A,35000,9555000,3275457,6279543
2025-09-30,Q1B,35000,9555000,2159399,7395601
2025-09-30,Q1C,23000,6279000,1572394,4706606
2025-09-30,Q2A,47000,12831000,3941206,8889794
2025-09-30,Q2B,47000,12831000,2769932,10061068
2025-10-01,Q1A,35000,9590000,3275457,6314543
2025-10-01,Q1B,35000,9590000,2159399,7430601
2025-10-01,Q1C,23000,6302000,1572394,4729606
2025-10-01,Q2A,47000,12878000,3941206,8936794
2025-10-01,Q2B,47000,12878000,2769932,10108068
2025-10-02,Q1A,35000,9625000,3275457,6349543
2025-10-02,Q1B,35000,9625000,2159399,7465601
2025-10-02,Q1C,23000,6325000,1572394,4752606
2025-10-02,Q2A,47000,12925000,3941206,8983794
2025-10-02,Q2B,47000,12925000,2769932,10155068
2025-10-03,Q1A,35000,9660000,3302113,6357887
2025-10-03,Q1B,35000,9660000,2159399,7500601
2025-10-03,Q1C,23000,6348000,1572394,4775606
2025-10-03,Q2A,47000,12972000,3941206,9030794
2025-10-03,Q2B,47000,12972000,2769932,10202068
2025-10-04,Q1A,35000,9695000,3323214,6371786
2025-10-04,Q1B,35000,9695000,2159399,7535601
2025-10-04,Q1C,23000,6371000,1572394,4798606
2025-10-04,Q2A,47000,13019000,3941206,9077794
2025-10-04,Q2B,47000,13019000,2778954,10240046
2025-10-05,Q1A,35000,9730000,3353559,6376441
2025-10-05,Q1B,35000,9730000,2207163,7522837
2025-10-05,Q1C,23000,6394000,1609860,4784140
2025-10-05,Q2A,47000,13066000,4031537,9034463
2025-10-05,Q2B,47000,13066000,2837508,10228492
2025-10-06,Q1A,35000,9765000,3353559,6411441
2025-10-06,Q1B,35000,9765000,2207163,7557837
2025-10-06,Q1C,23000,6417000,1609860,4807140
2025-10-06,Q2A,47000,13113000,4031537,9081463
2025-10-06,Q2B,47000,13113000,2837508,10275492
2025-10-07,Q1A,35000,9800000,3353559,6446441
2025-10-07,Q1B,35000,9800000,2207163,7592837
2025-10-07,Q1C,23000,6440000,1609860,4830140
2025-10-07,Q2A,47000,13160000,4031537,9128463
2025-10-07,Q2B,47000,13160000,2837508,10322492
2025-10-08,Q1A,35000,9835000,3353559,6481441
2025-10-08,Q1B,35000,9835000,2207163,7627837
2025-10-08,Q1C,23000,6463000,1609860,4853140
2025-10-08,Q2A,47000,13207000,4031537,9175463
2025-10-08,Q2B,47000,13207000,2837508,10369492
2025-10-09,Q1A,35000,9870000,3353559,6516441
2025-10-09,Q1B,35000,9870000,2207163,7662837
2025-10-09,Q1C,23000,6486000,1609860,4876140
2025-10-09,Q2A,47000,13254000,4031537,9222463
2025-10-09,Q2B,47000,13254000,2837508,10416492
2025-10-10,Q1A,35000,9905000,3353559,6551441
2025-10-10,Q1B,35000,9905000,2207163,7697837
2025-10-10,Q1C,23000,6509000,1641227,4867773
2025-10-10,Q2A,47000,13301000,4031537,9269463
2025-10-10,Q2B,47000,13301000,2859704,10441296
2025-10-11,Q1A,35000,9940000,3414997,6525003
2025-10-11,Q1B,35000,9940000,2227893,7712107
2025-10-11,Q1C,23000,6532000,1641227,4890773
2025-10-11,Q2A,47000,13348000,4031537,9316463
2025-10-11,Q2B,47000,13348000,2859704,10488296
2025-10-12,Q1A,35000,9975000,3429912,6545088
2025-10-12,Q1B,35000,9975000,2253358,7721642
2025-10-12,Q1C,23000,6555000,1647017,4907983
2025-10-12,Q2A,47000,13395000,4125134,9269866
2025-10-12,Q2B,47000,13395000,2906910,10488090
2025-10-13,Q1A,35000,10010000,3429912,6580088
2025-10-13,Q1B,35000,10010000,2253358,7756642
2025-10-13,Q1C,23000,6578000,1647017,4930983
2025-10-13,Q2A,47000,13442000,4125134,9316866
2025-10-13,Q2B,47000,13442000,2906910,10535090
2025-10-14,Q1A,35000,10045000,3429912,6615088
2025-10-14,Q1B,35000,10045000,2253358,7791642
2025-10-14,Q1C,23000,6601000,1647017,4953983
2025-10-14,Q2A,47000,13489000,4125134,9363866
2025-10-14,Q2B,47000,13489000,2906910,10582090
2025-10-15,Q1A,35000,10080000,3429912,6650088
2025-10-15,Q1B,35000,10080000,2253358,7826642
2025-10-15,Q1C,23000,6624000,1647017,4976983
2025-10-15,Q2A,47000,13536000,4125134,9410866
2025-10-15,Q2B,47000,13536000,2906910,10629090
2025-10-16,Q1A,35000,10115000,3429912,6685088
2025-10-16,Q1B,35000,10115000,2253358,7861642
2025-10-16,Q1C,23000,6647000,1647017,4999983
2025-10-16,Q2A,47000,13583000,4125134,9457866
2025-10-16,Q2B,47000,13583000,2906910,10676090
2025-10-17,Q1A,35000,10150000,3429912,6720088
2025-10-17,Q1B,35000,10150000,2270368,7879632
2025-10-17,Q1C,23000,6670000,1647017,5022983
2025-10-17,Q2A,47000,13630000,4178950,9451050
2025-10-17,Q2B,47000,13630000,2911165,10718835
2025-10-18,Q1A,35000,10185000,3463281,6721719
2025-10-18,Q1B,35000,10185000,2303313,7881687
2025-10-18,Q1C,23000,6693000,1659495,5033505
2025-10-18,Q2A,47000,13677000,4178950,9498050
2025-10-18,Q2B,47000,13677000,2911165,10765835
2025-10-19,Q1A,35000,10220000,3501591,6718409
2025-10-19,Q1B,35000,10220000,2303313,7916687
2025-10-19,Q1C,23000,6716000,1685502,5030498
2025-10-19,Q2A,47000,13724000,4213669,9510331
2025-10-19,Q2B,47000,13724000,2972239,10751761
2025-10-20,Q1A,35000,10255000,3501591,6753409
2025-10-20,Q1B,35000,10255000,2303313,7951687
2025-10-20,Q1C,23000,6739000,1685502,5053498
2025-10-20,Q2A,47000,13771000,4213669,9557331
2025-10-20,Q2B,47000,13771000,2972239,10798761
2025-10-21,Q1A,35000,10290000,3501591,6788409
2025-10-21,Q1B,35000,10290000,2303313,7986687
2025-10-21,Q1C,23000,6762000,1685502,5076498
2025-10-21,Q2A,47000,13818000,4213669,9604331
2025-10-21,Q2B,47000,13818000,2972239,10845761
2025-10-22,Q1A,35000,10325000,3501591,6823409
2025-10-22,Q1B,35000,10325000,2303313,8021687
2025-10-22,Q1C,23000,6785000,1685502,5099498
2025-10-22,Q2A,47000,13865000,4213669,9651331
2025-10-22,Q2B,47000,13865000,2972239,10892761
2025-10-23,Q1A,35000,10360000,3501591,6858409
2025-10-23,Q1B,35000,10360000,2303313,8056687
2025-10-23,Q1C,23000,6808000,1685502,5122498
2025-10-23,Q2A,47000,13912000,4213669,9698331
2025-10-23,Q2B,47000,13912000,2972239,10939761
2025-10-24,Q1A,35000,10395000,3501591,6893409
2025-10-24,Q1B,35000,10395000,2303313,8091687
2025-10-24,Q1C,23000,6831000,1697677,5133323
2025-10-24,Q2A,47000,13959000,4290240,9668760
2025-10-24,Q2B,47000,13959000,2981413,10977587
2025-10-25,Q1A,35000,10430000,3573136,6856864
2025-10-25,Q1B,35000,10430000,2355198,8074802
2025-10-25,Q1C,23000,6854000,1704823,5149177
2025-10-25,Q2A,47000,14006000,4290240,9715760
2025-10-25,Q2B,47000,14006000,2981413,11024587
2025-10-26,Q1A,35000,10465000,3573136,6891864
2025-10-26,Q1B,35000,10465000,2355198,8109802
2025-10-26,Q1C,23000,6877000,1721315,5155685
2025-10-26,Q2A,47000,14053000,4306981,9746019
2025-10-26,Q2B,47000,14053000,3037145,11015855
2025-10-27,Q1A,35000,10500000,3573136,6926864
2025-10-27,Q1B,35000,10500000,2355198,8144802
2025-10-27,Q1C,23000,6900000,1721315,5178685
2025-10-27,Q2A,47000,14100000,4306981,9793019
2025-10-27,Q2B,47000,14100000,3037145,11062855
2025-10-28,Q1A,35000,10535000,3573136,6961864
2025-10-28,Q1B,35000,10535000,2355198,8179802
2025-10-28,Q1C,23000,6923000,1721315,5201685
2025-10-28,Q2A,47000,14147000,4306981,9840019
2025-10-28,Q2B,47000,14147000,3037145,11109855
2025-10-29,Q1A,35000,10570000,3573136,6996864
2025-10-29,Q1B,35000,10570000,2355198,8214802
2025-10-29,Q1C,23000,6946000,1721315,5224685
2025-10-29,Q2A,47000,14194000,4306981,9887019
2025-10-29,Q2B,47000,14194000,3037145,11156855
2025-10-30,Q1A,35000,10605000,3573136,7031864
2025-10-30,Q1B,35000,10605000,2355198,8249802
2025-10-30,Q1C,23000,6969000,1737526,5231474
2025-10-30,Q2A,47000,14241000,4336434,9904566
2025-10-30,Q2B,47000,14241000,3037145,11203855
2025-10-31,Q1A,35000,10640000,3573136,7066864
2025-10-31,Q1B,35000,10640000,2374322,8265678
2025-10-31,Q1C,23000,6992000,1737526,5254474
2025-10-31,Q2A,47000,14288000,4336434,9951566
2025-10-31,Q2B,47000,14288000,3037145,11250855
2025-11-01,Q1A,35000,10675000,3616112,7058888
2025-11-01,Q1B,35000,10675000,2403542,8271458
2025-11-01,Q1C,23000,7015000,1759804,5255196
2025-11-01,Q2A,47000,14335000,4336434,9998566
2025-11-01,Q2B,47000,14335000,3041748,11293252
2025-11-02,Q1A,35000,10710000,3652912,7057088
2025-11-02,Q1B,35000,10710000,2405726,8304274
2025-11-02,Q1C,23000,7038000,1759804,5278196
2025-11-02,Q2A,47000,14382000,4399513,9982487
2025-11-02,Q2B,47000,14382000,3105827,11276173
2025-11-03,Q1A,35000,10745000,3652912,7092088
2025-11-03,Q1B,35000,10745000,2405726,8339274
2025-11-03,Q1C,23000,7061000,1759804,5301196
2025-11-03,Q2A,47000,14429000,4399513,10029487
2025-11-03,Q2B,47000,14429000,3105827,11323173
2025-11-04,Q1A,35000,10780000,3652912,7127088
2025-11-04,Q1B,35000,10780000,2405726,8374274
2025-11-04,Q1C,23000,7084000,1759804,5324196
2025-11-04,Q2A,47000,14476000,4399513,10076487
2025-11-04,Q2B,47000,14476000,3105827,11370173
2025-11-05,Q1A,35000,10815000,3652912,7162088
2025-11-05,Q1B,35000,10815000,2405726,8409274
2025-11-05,Q1C,23000,7107000,1759804,5347196
2025-11-05,Q2A,47000,14523000,4399513,10123487
2025-11-05,Q2B,47000,14523000,3105827,11417173
2025-11-06,Q1A,35000,10850000,3678717,7171283
2025-11-06,Q1B,35000,10850000,2405726,8444274
2025-11-06,Q1C,23000,7130000,1759804,5370196
2025-11-06,Q2A,47000,14570000,4399513,10170487
2025-11-06,Q2B,47000,14570000,3105827,11464173
2025-11-07,Q1A,35000,10885000,3678717,7206283
2025-11-07,Q1B,35000,10885000,2405726,8479274
2025-11-07,Q1C,23000,7153000,1759804,5393196
2025-11-07,Q2A,47000,14617000,4399513,10217487
2025-11-07,Q2B,47000,14617000,3105827,11511173
2025-11-08,Q1A,35000,10920000,3678717,7241283
2025-11-08,Q1B,35000,10920000,2405726,8514274
2025-11-08,Q1C,23000,7176000,1759804,5416196
2025-11-08,Q2A,47000,14664000,4399513,10264487
2025-11-08,Q2B,47000,14664000,3114851,11549149
2025-11-09,Q1A,35000,10955000,3734258,7220742
2025-11-09,Q1B,35000,10955000,2459474,8495526
2025-11-09,Q1C,23000,7199000,1799423,5399577
2025-11-09,Q2A,47000,14711000,4494185,10216815
2025-11-09,Q2B,47000,14711000,3172703,11538297
2025-11-10,Q1A,35000,10990000,3734258,7255742
2025-11-10,Q1B,35000,10990000,2459474,8530526
2025-11-10,Q1C,23000,7222000,1799423,5422577
2025-11-10,Q2A,47000,14758000,4494185,10263815
2025-11-10,Q2B,47000,14758000,3172703,11585297
2025-11-11,Q1A,35000,11025000,3734258,7290742
2025-11-11,Q1B,35000,11025000,2459474,8565526
2025-11-11,Q1C,23000,7245000,1799423,5445577
2025-11-11,Q2A,47000,14805000,4494185,10310815
2025-11-11,Q2B,47000,14805000,3172703,11632297
2025-11-12,Q1A,35000,11060000,3734258,7325742
2025-11-12,Q1B,35000,11060000,2459474,8600526
2025-11-12,Q1C,23000,7268000,1799423,5468577
2025-11-12,Q2A,47000,14852000,4494185,10357815
2025-11-12,Q2B,47000,14852000,3172703,11679297
2025-11-13,Q1A,35000,11095000,3754213,7340787
2025-11-13,Q1B,35000,11095000,2459474,8635526
2025-11-13,Q1C,23000,7291000,1799423,5491577
2025-11-13,Q2A,47000,14899000,4494185,10404815
2025-11-13,Q2B,47000,14899000,3172703,11726297
2025-11-14,Q1A,35000,11130000,3794330,7335670
2025-11-14,Q1B,35000,11130000,2483428,8646572
2025-11-14,Q1C,23000,7314000,1807259,5506741
2025-11-14,Q2A,47000,14946000,4494185,10451815
2025-11-14,Q2B,47000,14946000,3181128,11764872
2025-11-15,Q1A,35000,11165000,3814816,7350184
2025-11-15,Q1B,35000,11165000,2515530,8649470
2025-11-15,Q1C,23000,7337000,1807259,5529741
2025-11-15,Q2A,47000,14993000,4564370,10428630
2025-11-15,Q2B,47000,14993000,3204292,11788708
2025-11-16,Q1A,35000,11200000,3814816,7385184
2025-11-16,Q1B,35000,11200000,2515530,8684470
2025-11-16,Q1C,23000,7360000,1836034,5523966
2025-11-16,Q2A,47000,15040000,4579312,10460688
2025-11-16,Q2B,47000,15040000,3241604,11798396
2025-11-17,Q1A,35000,11235000,3814816,7420184
2025-11-17,Q1B,35000,11235000,2515530,8719470
2025-11-17,Q1C,23000,7383000,1836034,5546966
2025-11-17,Q2A,47000,15087000,4579312,10507688
2025-11-17,Q2B,47000,15087000,3241604,11845396
2025-11-18,Q1A,35000,11270000,3814816,7455184
2025-11-18,Q1B,35000,11270000,2515530,8754470
2025-11-18,Q1C,23000,7406000,1836034,5569966
2025-11-18,Q2A,47000,15134000,4579312,10554688
2025-11-18,Q2B,47000,15134000,3241604,11892396
2025-11-19,Q1A,35000,11305000,3814816,7490184
2025-11-19,Q1B,35000,11305000,2515530,8789470
2025-11-19,Q1C,23000,7429000,1836034,5592966
2025-11-19,Q2A,47000,15181000,4579312,10601688
2025-11-19,Q2B,47000,15181000,3241604,11939396
2025-11-20,Q1A,35000,11340000,3839470,7500530
2025-11-20,Q1B,35000,11340000,2515530,8824470
2025-11-20,Q1C,23000,7452000,1836034,5615966
2025-11-20,Q2A,47000,15228000,4579312,10648688
2025-11-20,Q2B,47000,15228000,3265178,11962822
2025-11-21,Q1A,35000,11375000,3874193,7500807
2025-11-21,Q1B,35000,11375000,2515530,8859470
2025-11-21,Q1C,23000,7475000,1836034,5638966
2025-11-21,Q2A,47000,15275000,4579312,10695688
2025-11-21,Q2B,47000,15275000,3265178,12009822
2025-11-22,Q1A,35000,11410000,3874193,7535807
2025-11-22,Q1B,35000,11410000,2546378,8863622
2025-11-22,Q1C,23000,7498000,1851615,5646385
2025-11-22,Q2A,47000,15322000,4579312,10742688
2025-11-22,Q2B,47000,15322000,3265178,12056822
2025-11-23,Q1A,35000,11445000,3889110,7555890
2025-11-23,Q1B,35000,11445000,2570573,8874427
2025-11-23,Q1C,23000,7521000,1874305,5646695
2025-11-23,Q2A,47000,15369000,4679811,10689189
2025-11-23,Q2B,47000,15369000,3302756,12066244
2025-11-24,Q1A,35000,11480000,3889110,7590890
2025-11-24,Q1B,35000,11480000,2570573,8909427
2025-11-24,Q1C,23000,7544000,1874305,5669695
2025-11-24,Q2A,47000,15416000,4679811,10736189
2025-11-24,Q2B,47000,15416000,3302756,12113244
2025-11-25,Q1A,35000,11515000,3889110,7625890
2025-11-25,Q1B,35000,11515000,2570573,8944427
2025-11-25,Q1C,23000,7567000,1874305,5692695
2025-11-25,Q2A,47000,15463000,4679811,10783189
2025-11-25,Q2B,47000,15463000,3302756,12160244
2025-11-26,Q1A,35000,11550000,3889110,7660890
2025-11-26,Q1B,35000,11550000,2570573,8979427
2025-11-26,Q1C,23000,7590000,1874305,5715695
2025-11-26,Q2A,47000,15510000,4679811,10830189
2025-11-26,Q2B,47000,15510000,3302756,12207244
2025-11-27,Q1A,35000,11585000,3906382,7678618
2025-11-27,Q1B,35000,11585000,2570573,9014427
2025-11-27,Q1C,23000,7613000,1874305,5738695
2025-11-27,Q2A,47000,15557000,4679811,10877189
2025-11-27,Q2B,47000,15557000,3323097,12233903
2025-11-28,Q1A,35000,11620000,3906382,7713618
2025-11-28,Q1B,35000,11620000,2570573,9049427
2025-11-28,Q1C,23000,7636000,1874305,5761695
2025-11-28,Q2A,47000,15604000,4679811,10924189
2025-11-28,Q2B,47000,15604000,3359225,12244775
2025-11-29,Q1A,35000,11655000,3943742,7711258
2025-11-29,Q1B,35000,11655000,2570573,9084427
2025-11-29,Q1C,23000,7659000,1874305,5784695
2025-11-29,Q2A,47000,15651000,4679811,10971189
2025-11-29,Q2B,47000,15651000,3359225,12291775
2025-11-30,Q1A,35000,11690000,3963995,7726005
2025-11-30,Q1B,35000,11690000,2620907,9069093
2025-11-30,Q1C,23000,7682000,1910011,5771989
2025-11-30,Q2A,47000,15698000,4772725,10925275
2025-11-30,Q2B,47000,15698000,3368659,12329341
2025-12-01,Q1A,35000,11725000,3963995,7761005
2025-12-01,Q1B,35000,11725000,2620907,9104093
2025-12-01,Q1C,23000,7705000,1910011,5794989
2025-12-01,Q2A,47000,15745000,4772725,10972275
2025-12-01,Q2B,47000,15745000,3368659,12376341
2025-12-02,Q1A,35000,11760000,3963995,7796005
2025-12-02,Q1B,35000,11760000,2620907,9139093
2025-12-02,Q1C,23000,7728000,1910011,5817989
2025-12-02,Q2A,47000,15792000,4772725,11019275
2025-12-02,Q2B,47000,15792000,3368659,12423341
2025-12-03,Q1A,35000,11795000,3963995,7831005
2025-12-03,Q1B,35000,11795000,2620907,9174093
2025-12-03,Q1C,23000,7751000,1910011,5840989
2025-12-03,Q2A,47000,15839000,4772725,11066275
2025-12-03,Q2B,47000,15839000,3368659,12470341
2025-12-04,Q1A,35000,11830000,3963995,7866005
2025-12-04,Q1B,35000,11830000,2620907,9209093
2025-12-04,Q1C,23000,7774000,1910011,5863989
2025-12-04,Q2A,47000,15886000,4772725,11113275
2025-12-04,Q2B,47000,15886000,3403656,12482344
2025-12-05,Q1A,35000,11865000,3963995,7901005
2025-12-05,Q1B,35000,11865000,2648307,9216693
2025-12-05,Q1C,23000,7797000,1910011,5886989
2025-12-05,Q2A,47000,15933000,4772725,11160275
2025-12-05,Q2B,47000,15933000,3412618,12520382
2025-12-06,Q1A,35000,11900000,4042886,7857114
2025-12-06,Q1B,35000,11900000,2648307,9251693
2025-12-06,Q1C,23000,7820000,1910011,5909989
2025-12-06,Q2A,47000,15980000,4804563,11175437
2025-12-06,Q2B,47000,15980000,3412618,12567382
2025-12-07,Q1A,35000,11935000,4042886,7892114
2025-12-07,Q1B,35000,11935000,2666249,9268751
2025-12-07,Q1C,23000,7843000,1948509,5894491
2025-12-07,Q2A,47000,16027000,4867586,11159414
2025-12-07,Q2B,47000,16027000,3440226,12586774
2025-12-08,Q1A,35000,11970000,4042886,7927114
2025-12-08,Q1B,35000,11970000,2666249,9303751
2025-12-08,Q1C,23000,7866000,1948509,5917491
2025-12-08,Q2A,47000,16074000,4867586,11206414
2025-12-08,Q2B,47000,16074000,3440226,12633774
2025-12-09,Q1A,35000,12005000,4042886,7962114
2025-12-09,Q1B,35000,12005000,2666249,9338751
2025-12-09,Q1C,23000,7889000,1948509,5940491
2025-12-09,Q2A,47000,16121000,4867586,11253414
2025-12-09,Q2B,47000,16121000,3440226,12680774
2025-12-10,Q1A,35000,12040000,4042886,7997114
2025-12-10,Q1B,35000,12040000,2666249,9373751
2025-12-10,Q1C,23000,7912000,1948509,5963491
2025-12-10,Q2A,47000,16168000,4867586,11300414
2025-12-10,Q2B,47000,16168000,3440226,12727774
2025-12-11,Q1A,35000,12075000,4042886,8032114
2025-12-11,Q1B,35000,12075000,2666249,9408751
2025-12-11,Q1C,23000,7935000,1948509,5986491
2025-12-11,Q2A,47000,16215000,4867586,11347414
2025-12-11,Q2B,47000,16215000,3440226,12774774
2025-12-12,Q1A,35000,12110000,4081419,8028581
2025-12-12,Q1B,35000,12110000,2666249,9443751
2025-12-12,Q1C,23000,7958000,1948509,6009491
2025-12-12,Q2A,47000,16262000,4867586,11394414
2025-12-12,Q2B,47000,16262000,3445901,12816099
2025-12-13,Q1A,35000,12145000,4081419,8063581
2025-12-13,Q1B,35000,12145000,2668681,9476319
2025-12-13,Q1C,23000,7981000,1984505,5996495
2025-12-13,Q2A,47000,16309000,4867586,11441414
2025-12-13,Q2B,47000,16309000,3445901,12863099
2025-12-14,Q1A,35000,12180000,4120170,8059830
2025-12-14,Q1B,35000,12180000,2723410,9456590
2025-12-14,Q1C,23000,8004000,1984505,6019495
2025-12-14,Q2A,47000,16356000,4965154,11390846
2025-12-14,Q2B,47000,16356000,3503081,12852919
2025-12-15,Q1A,35000,12215000,4120170,8094830
2025-12-15,Q1B,35000,12215000,2723410,9491590
2025-12-15,Q1C,23000,8027000,1984505,6042495
2025-12-15,Q2A,47000,16403000,4965154,11437846
2025-12-15,Q2B,47000,16403000,3503081,12899919
2025-12-16,Q1A,35000,12250000,4120170,8129830
2025-12-16,Q1B,35000,12250000,2723410,9526590
2025-12-16,Q1C,23000,8050000,1984505,6065495
2025-12-16,Q2A,47000,16450000,4965154,11484846
2025-12-16,Q2B,47000,16450000,3503081,12946919
2025-12-17,Q1A,35000,12285000,4120170,8164830
2025-12-17,Q1B,35000,12285000,2723410,9561590
2025-12-17,Q1C,23000,8073000,1984505,6088495
2025-12-17,Q2A,47000,16497000,4965154,11531846
2025-12-17,Q2B,47000,16497000,3503081,12993919
2025-12-18,Q1A,35000,12320000,4120170,8199830
2025-12-18,Q1B,35000,12320000,2723410,9596590
2025-12-18,Q1C,23000,8096000,1984505,6111495
2025-12-18,Q2A,47000,16544000,4965154,11578846
2025-12-18,Q2B,47000,16544000,3503081,13040919
2025-12-19,Q1A,35000,12355000,4120170,8234830
2025-12-19,Q1B,35000,12355000,2749964,9605036
2025-12-19,Q1C,23000,8119000,1984505,6134495
2025-12-19,Q2A,47000,16591000,4995677,11595323
2025-12-19,Q2B,47000,16591000,3534426,13056574
2025-12-20,Q1A,35000,12390000,4120170,8269830
2025-12-20,Q1B,35000,12390000,2749964,9640036
2025-12-20,Q1C,23000,8142000,1984505,6157495
2025-12-20,Q2A,47000,16638000,4995677,11642323
2025-12-20,Q2B,47000,16638000,3557738,13080262
2025-12-21,Q1A,35000,12425000,4197939,8227061
2025-12-21,Q1B,35000,12425000,2774421,9650579
2025-12-21,Q1C,23000,8165000,2026253,6138747
2025-12-21,Q2A,47000,16685000,5060838,11624162
2025-12-21,Q2B,47000,16685000,3565873,13119127
2025-12-22,Q1A,35000,12460000,4197939,8262061
2025-12-22,Q1B,35000,12460000,2774421,9685579
2025-12-22,Q1C,23000,8188000,2026253,6161747
2025-12-22,Q2A,47000,16732000,5060838,11671162
2025-12-22,Q2B,47000,16732000,3565873,13166127
2025-12-23,Q1A,35000,12495000,4197939,8297061
2025-12-23,Q1B,35000,12495000,2774421,9720579
2025-12-23,Q1C,23000,8211000,2026253,6184747
2025-12-23,Q2A,47000,16779000,5060838,11718162
2025-12-23,Q2B,47000,16779000,3565873,13213127
2025-12-24,Q1A,35000,12530000,4197939,8332061
2025-12-24,Q1B,35000,12530000,2774421,9755579
2025-12-24,Q1C,23000,8234000,2026253,6207747
2025-12-24,Q2A,47000,16826000,5060838,11765162
2025-12-24,Q2B,47000,16826000,3565873,13260127
2025-12-25,Q1A,35000,12565000,4197939,8367061
2025-12-25,Q1B,35000,12565000,2774421,9790579
2025-12-25,Q1C,23000,8257000,2026253,6230747
2025-12-25,Q2A,47000,16873000,5060838,11812162
2025-12-25,Q2B,47000,16873000,3565873,13307127
2025-12-26,Q1A,35000,12600000,4238068,8361932
2025-12-26,Q1B,35000,12600000,2774421,9825579
2025-12-26,Q1C,23000,8280000,2034826,6245174
2025-12-26,Q2A,47000,16920000,5089600,11830400
2025-12-26,Q2B,47000,16920000,3565873,13354127
2025-12-27,Q1A,35000,12635000,4259501,8375499
2025-12-27,Q1B,35000,12635000,2837128,9797872
2025-12-27,Q1C,23000,8303000,2034826,6268174
2025-12-27,Q2A,47000,16967000,5089600,11877400
2025-12-27,Q2B,47000,16967000,3575794,13391206
2025-12-28,Q1A,35000,12670000,4282976,8387024
2025-12-28,Q1B,35000,12670000,2837128,9832872
2025-12-28,Q1C,23000,8326000,2070411,6255589
2025-12-28,Q2A,47000,17014000,5161723,11852277
2025-12-28,Q2B,47000,17014000,3641350,13372650
2025-12-29,Q1A,35000,12705000,4282976,8422024
2025-12-29,Q1B,35000,12705000,2837128,9867872
2025-12-29,Q1C,23000,8349000,2070411,6278589
2025-12-29,Q2A,47000,17061000,5161723,11899277
2025-12-29,Q2B,47000,17061000,3641350,13419650
2025-12-30,Q1A,35000,12740000,4282976,8457024
2025-12-30,Q1B,35000,12740000,2837128,9902872
2025-12-30,Q1C,23000,8372000,2070411,6301589
2025-12-30,Q2A,47000,17108000,5161723,11946277
2025-12-30,Q2B,47000,17108000,3641350,13466650
2025-12-31,Q1A,35000,12775000,4334509,8440491
2025-12-31,Q1B,35000,12775000,2870548,9904452
2025-12-31,Q1C,23000,8395000,2093918,6301082
2025-12-31,Q2A,47000,17155000,5221735,11933265
2025-12-31,Q2B,47000,17155000,3684713,13470287
