Client,Ship,ArrivalDate,Deadline,Product,Quantity
Client_10,Ship_10,2025-01-01,2025-01-04,Product_8,23796
Client_2,Ship_2,2025-01-01,2025-01-05,Product_1,14454
Client_6,Ship_6,2025-01-01,2025-01-05,Product_5,12132
Client_7,Ship_7,2025-01-01,2025-01-05,Product_6,9754
Client_8,Ship_8,2025-01-01,2025-01-04,Product_7,17939
Client_1,Ship_1,2025-01-02,2025-01-05,Product_1,7990
Client_11,Ship_11,2025-01-02,2025-01-05,Product_9,3640
Client_12,Ship_12,2025-01-02,2025-01-05,Product_9,2112
Client_13,Ship_13,2025-01-02,2025-01-05,Product_10,13890
Client_14,Ship_14,2025-01-02,2025-01-05,Product_10,22135
Client_3,Ship_3,2025-01-02,2025-01-05,Product_2,31530
Client_4,Ship_4,2025-01-02,2025-01-05,Product_4,16374
Client_5,Ship_5,2025-01-02,2025-01-05,Product_4,18025
Client_9,Ship_9,2025-01-02,2025-01-05,Product_8,24821
Client_15,Ship_15,2025-01-06,2025-01-12,Product_1,40348
Client_17,Ship_17,2025-01-06,2025-01-11,Product_3,2238
Client_18,Ship_18,2025-01-06,2025-01-09,Product_4,27751
Client_2,Ship_22,2025-01-06,2025-01-10,Product_6,7818
Client_4,Ship_24,2025-01-06,2025-01-10,Product_7,19073
Client_6,Ship_26,2025-01-06,2025-01-12,Product_9,9151
Client_19,Ship_19,2025-01-07,2025-01-11,Product_4,27600
Client_20,Ship_20,2025-01-07,2025-01-10,Product_5,23149
Client_3,Ship_23,2025-01-07,2025-01-10,Product_7,14783
Client_5,Ship_25,2025-01-07,2025-01-12,Product_8,72562
Client_7,Ship_27,2025-01-07,2025-01-12,Product_10,62955
Client_1,Ship_21,2025-01-08,2025-01-12,Product_6,8611
Client_16,Ship_16,2025-01-08,2025-01-11,Product_2,45309
Client_10,Ship_30,2025-01-13,2025-01-19,Product_2,42858
Client_12,Ship_32,2025-01-13,2025-01-16,Product_4,28423
Client_9,Ship_29,2025-01-13,2025-01-16,Product_1,16337
Client_14,Ship_34,2025-01-14,2025-01-19,Product_5,16793
Client_15,Ship_35,2025-01-14,2025-01-18,Product_5,10546
Client_19,Ship_39,2025-01-14,2025-01-18,Product_9,6202
Client_2,Ship_42,2025-01-14,2025-01-19,Product_10,32403
Client_8,Ship_28,2025-01-14,2025-01-17,Product_1,25401
Client_1,Ship_41,2025-01-15,2025-01-18,Product_10,40969
Client_11,Ship_31,2025-01-15,2025-01-19,Product_3,2162
Client_17,Ship_37,2025-01-15,2025-01-19,Product_7,34925
Client_13,Ship_33,2025-01-16,2025-01-19,Product_4,28542
Client_16,Ship_36,2025-01-16,2025-01-19,Product_6,14421
Client_18,Ship_38,2025-01-16,2025-01-19,Product_8,66886
Client_20,Ship_40,2025-01-16,2025-01-19,Product_9,4176
Client_10,Ship_50,2025-01-20,2025-01-26,Product_5,15741
Client_15,Ship_55,2025-01-20,2025-01-26,Product_8,31167
Client_3,Ship_43,2025-01-20,2025-01-25,Product_1,19379
Client_11,Ship_51,2025-01-21,2025-01-25,Product_5,9104
Client_4,Ship_44,2025-01-21,2025-01-26,Product_1,22868
Client_7,Ship_47,2025-01-21,2025-01-26,Product_3,2464
Client_9,Ship_49,2025-01-21,2025-01-24,Product_4,22832
Client_12,Ship_52,2025-01-22,2025-01-25,Product_6,17296
Client_13,Ship_53,2025-01-22,2025-01-25,Product_7,31314
Client_14,Ship_54,2025-01-22,2025-01-25,Product_8,42628
Client_16,Ship_56,2025-01-22,2025-01-25,Product_9,6102
Client_18,Ship_58,2025-01-22,2025-01-25,Product_10,40418
Client_19,Ship_59,2025-01-22,2025-01-25,Product_10,24337
Client_5,Ship_45,2025-01-22,2025-01-26,Product_2,20032
Client_6,Ship_46,2025-01-22,2025-01-26,Product_2,26017
Client_17,Ship_57,2025-01-23,2025-01-26,Product_9,4921
Client_8,Ship_48,2025-01-23,2025-01-26,Product_4,30168
Client_11,Ship_71,2025-01-27,2025-02-02,Product_9,8114
Client_20,Ship_60,2025-01-27,2025-02-01,Product_1,26862
Client_5,Ship_65,2025-01-27,2025-01-30,Product_5,12497
Client_6,Ship_66,2025-01-27,2025-02-02,Product_5,10570
Client_10,Ship_70,2025-01-28,2025-02-02,Product_8,79369
Client_2,Ship_62,2025-01-28,2025-01-31,Product_2,46795
Client_3,Ship_63,2025-01-28,2025-01-31,Product_3,2319
Client_8,Ship_68,2025-01-28,2025-02-02,Product_7,13491
Client_13,Ship_73,2025-01-29,2025-02-02,Product_10,30270
Client_1,Ship_61,2025-01-30,2025-02-02,Product_1,15219
Client_12,Ship_72,2025-01-30,2025-02-02,Product_10,31684
Client_4,Ship_64,2025-01-30,2025-02-02,Product_4,48709
Client_7,Ship_67,2025-01-30,2025-02-02,Product_6,18075
Client_9,Ship_69,2025-01-30,2025-02-02,Product_7,19154
Client_1,Ship_81,2025-02-03,2025-02-06,Product_7,12522
Client_15,Ship_75,2025-02-03,2025-02-09,Product_1,17266
Client_19,Ship_79,2025-02-03,2025-02-09,Product_5,24787
Client_14,Ship_74,2025-02-04,2025-02-09,Product_1,25824
Client_16,Ship_76,2025-02-04,2025-02-07,Product_2,45866
Client_2,Ship_82,2025-02-04,2025-02-07,Product_7,20026
Client_4,Ship_84,2025-02-04,2025-02-09,Product_8,30168
Client_5,Ship_85,2025-02-04,2025-02-08,Product_9,3537
Client_7,Ship_87,2025-02-04,2025-02-07,Product_10,64184
Client_3,Ship_83,2025-02-05,2025-02-08,Product_8,37024
Client_17,Ship_77,2025-02-06,2025-02-09,Product_3,2794
Client_18,Ship_78,2025-02-06,2025-02-09,Product_4,56815
Client_20,Ship_80,2025-02-06,2025-02-09,Product_6,17468
Client_6,Ship_86,2025-02-06,2025-02-09,Product_9,6510
Client_12,Ship_92,2025-02-10,2025-02-15,Product_4,28936
Client_14,Ship_94,2025-02-10,2025-02-13,Product_5,26230
Client_18,Ship_98,2025-02-10,2025-02-13,Product_7,16545
Client_2,Ship_102,2025-02-10,2025-02-16,Product_9,5590
Client_20,Ship_100,2025-02-10,2025-02-15,Product_8,40928
Client_4,Ship_104,2025-02-10,2025-02-13,Product_10,25266
Client_1,Ship_101,2025-02-11,2025-02-16,Product_9,5392
Client_16,Ship_96,2025-02-11,2025-02-16,Product_6,7550
Client_19,Ship_99,2025-02-11,2025-02-14,Product_8,37864
Client_8,Ship_88,2025-02-11,2025-02-15,Product_1,22600
Client_10,Ship_90,2025-02-12,2025-02-16,Product_2,46974
Client_13,Ship_93,2025-02-12,2025-02-15,Product_4,19058
Client_17,Ship_97,2025-02-12,2025-02-15,Product_7,16521
Client_11,Ship_91,2025-02-13,2025-02-16,Product_3,2276
Client_15,Ship_95,2025-02-13,2025-02-16,Product_6,7920
Client_3,Ship_103,2025-02-13,2025-02-16,Product_10,34298
Client_9,Ship_89,2025-02-13,2025-02-16,Product_1,20514
Client_15,Ship_115,2025-02-17,2025-02-20,Product_8,38697
Client_16,Ship_116,2025-02-17,2025-02-21,Product_9,9974
Client_8,Ship_108,2025-02-17,2025-02-21,Product_4,63158
Client_14,Ship_114,2025-02-18,2025-02-21,Product_8,27124
Client_5,Ship_105,2025-02-18,2025-02-22,Product_1,42398
Client_7,Ship_107,2025-02-18,2025-02-23,Product_3,2439
Client_9,Ship_109,2025-02-18,2025-02-21,Product_5,23235
Client_10,Ship_110,2025-02-19,2025-02-22,Product_6,8169
Client_11,Ship_111,2025-02-19,2025-02-23,Product_6,9955
Client_17,Ship_117,2025-02-19,2025-02-22,Product_10,63782
Client_12,Ship_112,2025-02-20,2025-02-23,Product_7,16436
Client_13,Ship_113,2025-02-20,2025-02-23,Product_7,16700
Client_6,Ship_106,2025-02-20,2025-02-23,Product_2,47503
Client_10,Ship_130,2025-02-24,2025-02-28,Product_10,38552
Client_11,Ship_131,2025-02-24,2025-02-28,Product_10,26881
Client_19,Ship_119,2025-02-24,2025-02-28,Product_2,51567
Client_3,Ship_123,2025-02-24,2025-02-28,Product_5,8946
Client_8,Ship_128,2025-02-24,2025-02-28,Product_8,75078
Client_1,Ship_121,2025-02-25,2025-03-02,Product_4,21465
Client_7,Ship_127,2025-02-25,2025-03-02,Product_7,32616
Client_9,Ship_129,2025-02-25,2025-03-02,Product_9,10192
Client_18,Ship_118,2025-02-26,2025-03-01,Product_1,42283
Client_20,Ship_120,2025-02-26,2025-03-02,Product_3,2257
Client_5,Ship_125,2025-02-26,2025-03-02,Product_6,7589
Client_6,Ship_126,2025-02-26,2025-03-02,Product_6,10402
Client_2,Ship_122,2025-02-27,2025-03-02,Product_4,31715
Client_4,Ship_124,2025-02-27,2025-03-02,Product_5,12815
Client_1,Ship_141,2025-03-03,2025-03-08,Product_7,13856
Client_14,Ship_134,2025-03-03,2025-03-08,Product_2,44918
Client_15,Ship_135,2025-03-03,2025-03-08,Product_3,2383
Client_12,Ship_132,2025-03-04,2025-03-09,Product_1,21613
Client_16,Ship_136,2025-03-04,2025-03-08,Product_4,57216
Client_17,Ship_137,2025-03-04,2025-03-09,Product_5,26355
Client_18,Ship_138,2025-03-04,2025-03-09,Product_6,6269
Client_3,Ship_143,2025-03-04,2025-03-08,Product_9,7434
Client_2,Ship_142,2025-03-05,2025-03-08,Product_8,80209
Client_20,Ship_140,2025-03-05,2025-03-08,Product_7,20029
Client_13,Ship_133,2025-03-06,2025-03-09,Product_1,16868
Client_19,Ship_139,2025-03-06,2025-03-09,Product_6,8455
Client_4,Ship_144,2025-03-06,2025-03-09,Product_9,4168
Client_5,Ship_145,2025-03-06,2025-03-09,Product_10,59197
Client_1,Ship_161,2025-03-10,2025-03-14,Product_10,33983
Client_14,Ship_154,2025-03-10,2025-03-14,Product_5,15109
Client_15,Ship_155,2025-03-10,2025-03-14,Product_6,17631
Client_6,Ship_146,2025-03-10,2025-03-13,Product_1,25854
Client_7,Ship_147,2025-03-10,2025-03-16,Product_1,18224
Client_10,Ship_150,2025-03-11,2025-03-16,Product_3,2503
Client_13,Ship_153,2025-03-11,2025-03-15,Product_5,10534
Client_16,Ship_156,2025-03-11,2025-03-15,Product_7,21511
Client_19,Ship_159,2025-03-11,2025-03-16,Product_9,4249
Client_2,Ship_162,2025-03-11,2025-03-14,Product_10,26881
Client_11,Ship_151,2025-03-12,2025-03-15,Product_4,25527
Client_12,Ship_152,2025-03-12,2025-03-16,Product_4,25996
Client_18,Ship_158,2025-03-12,2025-03-15,Product_8,69289
Client_8,Ship_148,2025-03-12,2025-03-15,Product_2,27341
Client_17,Ship_157,2025-03-13,2025-03-16,Product_7,12813
Client_20,Ship_160,2025-03-13,2025-03-16,Product_9,6339
Client_9,Ship_149,2025-03-13,2025-03-16,Product_2,24928
Client_14,Ship_174,2025-03-17,2025-03-20,Product_9,10390
Client_15,Ship_175,2025-03-17,2025-03-23,Product_10,31104
Client_3,Ship_163,2025-03-17,2025-03-20,Product_1,23724
Client_7,Ship_167,2025-03-17,2025-03-23,Product_4,54964
Client_8,Ship_168,2025-03-17,2025-03-23,Product_5,13097
Client_9,Ship_169,2025-03-17,2025-03-23,Product_5,15276
Client_12,Ship_172,2025-03-18,2025-03-21,Product_7,32166
Client_4,Ship_164,2025-03-18,2025-03-23,Product_1,16813
Client_10,Ship_170,2025-03-19,2025-03-22,Product_6,9795
Client_11,Ship_171,2025-03-19,2025-03-22,Product_6,8773
Client_13,Ship_173,2025-03-19,2025-03-23,Product_8,76222
Client_6,Ship_166,2025-03-19,2025-03-23,Product_3,2363
Client_16,Ship_176,2025-03-20,2025-03-23,Product_10,33907
Client_5,Ship_165,2025-03-20,2025-03-23,Product_2,51898
Client_4,Ship_184,2025-03-24,2025-03-30,Product_5,15564
Client_7,Ship_187,2025-03-24,2025-03-30,Product_6,6479
Client_12,Ship_192,2025-03-25,2025-03-28,Product_9,7376
Client_2,Ship_182,2025-03-25,2025-03-29,Product_4,25282
Client_20,Ship_180,2025-03-25,2025-03-28,Product_2,22045
Client_5,Ship_185,2025-03-25,2025-03-30,Product_5,10266
Client_9,Ship_189,2025-03-25,2025-03-28,Product_8,35854
Client_10,Ship_190,2025-03-26,2025-03-30,Product_8,41535
Client_8,Ship_188,2025-03-26,2025-03-30,Product_7,34167
Client_1,Ship_181,2025-03-27,2025-03-30,Product_3,2347
Client_11,Ship_191,2025-03-27,2025-03-30,Product_9,4046
Client_13,Ship_193,2025-03-27,2025-03-30,Product_10,63873
Client_17,Ship_177,2025-03-27,2025-03-30,Product_1,18432
Client_18,Ship_178,2025-03-27,2025-03-30,Product_1,25496
Client_19,Ship_179,2025-03-27,2025-03-30,Product_2,30345
Client_3,Ship_183,2025-03-27,2025-03-30,Product_4,33676
Client_6,Ship_186,2025-03-27,2025-03-30,Product_6,10080
Client_15,Ship_195,2025-03-31,2025-04-05,Product_2,18424
Client_18,Ship_198,2025-03-31,2025-04-06,Product_4,64705
Client_3,Ship_203,2025-03-31,2025-04-05,Product_7,15834
Client_6,Ship_206,2025-03-31,2025-04-05,Product_9,3739
Client_8,Ship_208,2025-03-31,2025-04-06,Product_10,67427
Client_17,Ship_197,2025-04-01,2025-04-06,Product_3,2325
Client_19,Ship_199,2025-04-01,2025-04-05,Product_5,13408
Client_5,Ship_205,2025-04-01,2025-04-06,Product_8,71474
Client_2,Ship_202,2025-04-02,2025-04-05,Product_6,11388
Client_20,Ship_200,2025-04-02,2025-04-05,Product_5,13130
Client_4,Ship_204,2025-04-02,2025-04-06,Product_7,21287
Client_1,Ship_201,2025-04-03,2025-04-06,Product_6,6190
Client_14,Ship_194,2025-04-03,2025-04-06,Product_1,36113
Client_16,Ship_196,2025-04-03,2025-04-06,Product_2,23439
Client_7,Ship_207,2025-04-03,2025-04-06,Product_9,6201
Client_17,Ship_217,2025-04-07,2025-04-13,Product_7,22139
Client_18,Ship_218,2025-04-07,2025-04-11,Product_8,68971
Client_10,Ship_210,2025-04-08,2025-04-13,Product_2,52348
Client_14,Ship_214,2025-04-08,2025-04-11,Product_5,23113
Client_16,Ship_216,2025-04-08,2025-04-13,Product_7,18115
Client_20,Ship_220,2025-04-08,2025-04-13,Product_10,56003
Client_11,Ship_211,2025-04-09,2025-04-13,Product_3,2152
Client_12,Ship_212,2025-04-10,2025-04-13,Product_4,34070
Client_13,Ship_213,2025-04-10,2025-04-13,Product_4,20203
Client_15,Ship_215,2025-04-10,2025-04-13,Product_6,17034
Client_19,Ship_219,2025-04-10,2025-04-13,Product_9,10336
Client_9,Ship_209,2025-04-10,2025-04-13,Product_1,40339
Client_1,Ship_221,2025-04-14,2025-04-20,Product_1,37916
Client_12,Ship_232,2025-04-14,2025-04-18,Product_8,72503
Client_11,Ship_231,2025-04-15,2025-04-19,Product_7,14659
Client_2,Ship_222,2025-04-15,2025-04-19,Product_2,49177
Client_4,Ship_224,2025-04-15,2025-04-18,Product_4,28350
Client_5,Ship_225,2025-04-15,2025-04-18,Product_4,28064
Client_7,Ship_227,2025-04-15,2025-04-19,Product_5,11272
Client_9,Ship_229,2025-04-15,2025-04-19,Product_6,6984
Client_10,Ship_230,2025-04-16,2025-04-19,Product_7,14274
Client_16,Ship_236,2025-04-16,2025-04-19,Product_10,36961
Client_3,Ship_223,2025-04-16,2025-04-20,Product_3,2664
Client_6,Ship_226,2025-04-16,2025-04-19,Product_5,12980
Client_8,Ship_228,2025-04-16,2025-04-19,Product_6,9981
Client_13,Ship_233,2025-04-17,2025-04-20,Product_9,6205
Client_14,Ship_234,2025-04-17,2025-04-20,Product_9,4168
Client_15,Ship_235,2025-04-17,2025-04-20,Product_10,24066
Client_10,Ship_250,2025-04-21,2025-04-27,Product_10,37107
Client_18,Ship_238,2025-04-21,2025-04-27,Product_2,34686
Client_6,Ship_246,2025-04-21,2025-04-25,Product_7,14788
Client_8,Ship_248,2025-04-21,2025-04-25,Product_8,78868
Client_9,Ship_249,2025-04-21,2025-04-25,Product_9,10916
Client_1,Ship_241,2025-04-22,2025-04-25,Product_4,20067
Client_11,Ship_251,2025-04-22,2025-04-25,Product_10,26312
Client_17,Ship_237,2025-04-22,2025-04-27,Product_1,43594
Client_20,Ship_240,2025-04-22,2025-04-26,Product_3,2651
Client_3,Ship_243,2025-04-22,2025-04-25,Product_5,15316
Client_4,Ship_244,2025-04-22,2025-04-26,Product_5,11240
Client_2,Ship_242,2025-04-23,2025-04-26,Product_4,29334
Client_19,Ship_239,2025-04-24,2025-04-27,Product_2,18786
Client_5,Ship_245,2025-04-24,2025-04-27,Product_6,14907
Client_7,Ship_247,2025-04-24,2025-04-27,Product_7,23264
Client_1,Ship_261,2025-04-28,2025-05-01,Product_7,17175
Client_13,Ship_253,2025-04-28,2025-05-01,Product_1,28618
Client_17,Ship_257,2025-04-28,2025-05-01,Product_4,22301
Client_2,Ship_262,2025-04-28,2025-05-03,Product_8,76884
Client_15,Ship_255,2025-04-29,2025-05-04,Product_3,2603
Client_20,Ship_260,2025-04-29,2025-05-04,Product_7,17130
Client_4,Ship_264,2025-04-29,2025-05-03,Product_10,60622
Client_18,Ship_258,2025-04-30,2025-05-04,Product_5,22927
Client_12,Ship_252,2025-05-01,2025-05-04,Product_1,17135
Client_14,Ship_254,2025-05-01,2025-05-04,Product_2,50624
Client_16,Ship_256,2025-05-01,2025-05-04,Product_4,38825
Client_19,Ship_259,2025-05-01,2025-05-04,Product_6,18166
Client_3,Ship_263,2025-05-01,2025-05-04,Product_9,10298
Client_12,Ship_272,2025-05-05,2025-05-10,Product_5,11567
Client_7,Ship_267,2025-05-05,2025-05-09,Product_2,44315
Client_6,Ship_266,2025-05-06,2025-05-09,Product_1,15238
Client_13,Ship_273,2025-05-07,2025-05-11,Product_6,8757
Client_14,Ship_274,2025-05-07,2025-05-11,Product_6,8074
Client_15,Ship_275,2025-05-07,2025-05-11,Product_7,33220
Client_17,Ship_277,2025-05-07,2025-05-11,Product_9,9792
Client_8,Ship_268,2025-05-07,2025-05-10,Product_3,2268
Client_10,Ship_270,2025-05-08,2025-05-11,Product_4,30701
Client_11,Ship_271,2025-05-08,2025-05-11,Product_5,11705
Client_16,Ship_276,2025-05-08,2025-05-11,Product_8,65950
Client_18,Ship_278,2025-05-08,2025-05-11,Product_10,70962
Client_5,Ship_265,2025-05-08,2025-05-11,Product_1,23950
Client_9,Ship_269,2025-05-08,2025-05-11,Product_4,28677
Client_1,Ship_281,2025-05-12,2025-05-15,Product_2,22784
Client_11,Ship_291,2025-05-12,2025-05-17,Product_8,37951
Client_13,Ship_293,2025-05-13,2025-05-17,Product_9,4761
Client_19,Ship_279,2025-05-13,2025-05-17,Product_1,47094
Client_2,Ship_282,2025-05-13,2025-05-18,Product_3,2279
Client_5,Ship_285,2025-05-13,2025-05-16,Product_5,10678
Client_12,Ship_292,2025-05-14,2025-05-17,Product_9,5142
Client_20,Ship_280,2025-05-14,2025-05-18,Product_2,20962
Client_3,Ship_283,2025-05-14,2025-05-17,Product_4,52683
Client_6,Ship_286,2025-05-14,2025-05-18,Product_6,10642
Client_8,Ship_288,2025-05-14,2025-05-18,Product_7,14312
Client_10,Ship_290,2025-05-15,2025-05-18,Product_8,37845
Client_14,Ship_294,2025-05-15,2025-05-18,Product_10,71734
Client_4,Ship_284,2025-05-15,2025-05-18,Product_5,16174
Client_7,Ship_287,2025-05-15,2025-05-18,Product_6,7600
Client_9,Ship_289,2025-05-15,2025-05-18,Product_7,20622
Client_1,Ship_301,2025-05-19,2025-05-25,Product_6,7200
Client_18,Ship_298,2025-05-19,2025-05-24,Product_3,2051
Client_4,Ship_304,2025-05-19,2025-05-23,Product_7,17672
Client_7,Ship_307,2025-05-19,2025-05-25,Product_9,4008
Client_8,Ship_308,2025-05-19,2025-05-24,Product_10,64531
Client_15,Ship_295,2025-05-20,2025-05-23,Product_1,26566
Client_17,Ship_297,2025-05-20,2025-05-24,Product_2,47699
Client_20,Ship_300,2025-05-20,2025-05-24,Product_5,27092
Client_3,Ship_303,2025-05-20,2025-05-25,Product_7,20779
Client_19,Ship_299,2025-05-21,2025-05-24,Product_4,61508
Client_6,Ship_306,2025-05-21,2025-05-24,Product_9,6636
Client_16,Ship_296,2025-05-22,2025-05-25,Product_1,14568
Client_2,Ship_302,2025-05-22,2025-05-25,Product_6,12267
Client_5,Ship_305,2025-05-22,2025-05-25,Product_8,74864
Client_10,Ship_310,2025-05-26,2025-05-29,Product_1,16484
Client_11,Ship_311,2025-05-26,2025-06-01,Product_2,51680
Client_2,Ship_322,2025-05-26,2025-05-30,Product_9,4694
Client_20,Ship_320,2025-05-26,2025-05-31,Product_8,41074
Client_13,Ship_313,2025-05-27,2025-06-01,Product_4,51012
Client_14,Ship_314,2025-05-27,2025-05-31,Product_5,25815
Client_17,Ship_317,2025-05-27,2025-05-31,Product_7,13084
Client_18,Ship_318,2025-05-27,2025-05-30,Product_7,18049
Client_19,Ship_319,2025-05-27,2025-05-30,Product_8,24683
Client_4,Ship_324,2025-05-28,2025-05-31,Product_10,42424
Client_9,Ship_309,2025-05-28,2025-05-31,Product_1,22690
Client_1,Ship_321,2025-05-29,2025-06-01,Product_9,5419
Client_12,Ship_312,2025-05-29,2025-06-01,Product_3,2265
Client_15,Ship_315,2025-05-29,2025-06-01,Product_6,8411
Client_16,Ship_316,2025-05-29,2025-06-01,Product_6,9504
Client_3,Ship_323,2025-05-29,2025-06-01,Product_10,25378
Client_13,Ship_333,2025-06-02,2025-06-05,Product_7,16504
Client_14,Ship_334,2025-06-02,2025-06-05,Product_7,20413
Client_7,Ship_327,2025-06-02,2025-06-07,Product_2,49740
Client_12,Ship_332,2025-06-03,2025-06-08,Product_6,7419
Client_16,Ship_336,2025-06-03,2025-06-08,Product_9,9411
Client_6,Ship_326,2025-06-03,2025-06-08,Product_1,16938
Client_8,Ship_328,2025-06-03,2025-06-07,Product_4,25864
Client_17,Ship_337,2025-06-04,2025-06-08,Product_10,43124
Client_10,Ship_330,2025-06-05,2025-06-08,Product_5,25653
Client_11,Ship_331,2025-06-05,2025-06-08,Product_6,9146
Client_15,Ship_335,2025-06-05,2025-06-08,Product_8,66406
Client_18,Ship_338,2025-06-05,2025-06-08,Product_10,23683
Client_5,Ship_325,2025-06-05,2025-06-08,Product_1,21292
Client_9,Ship_329,2025-06-05,2025-06-08,Product_4,31363
Client_11,Ship_351,2025-06-09,2025-06-14,Product_10,70540
Client_6,Ship_346,2025-06-09,2025-06-13,Product_7,15532
Client_7,Ship_347,2025-06-09,2025-06-13,Product_7,17411
Client_3,Ship_343,2025-06-10,2025-06-15,Product_4,57274
Client_8,Ship_348,2025-06-10,2025-06-14,Product_8,33531
Client_9,Ship_349,2025-06-10,2025-06-15,Product_8,36943
Client_1,Ship_341,2025-06-11,2025-06-15,Product_2,43786
Client_10,Ship_350,2025-06-11,2025-06-15,Product_9,10167
Client_4,Ship_344,2025-06-11,2025-06-15,Product_5,25926
Client_19,Ship_339,2025-06-12,2025-06-15,Product_1,22822
Client_2,Ship_342,2025-06-12,2025-06-15,Product_3,2300
Client_20,Ship_340,2025-06-12,2025-06-15,Product_1,16016
Client_5,Ship_345,2025-06-12,2025-06-15,Product_6,18495
Client_15,Ship_355,2025-06-16,2025-06-19,Product_4,61668
Client_17,Ship_357,2025-06-16,2025-06-21,Product_5,12547
Client_18,Ship_358,2025-06-16,2025-06-21,Product_6,17821
Client_2,Ship_362,2025-06-16,2025-06-22,Product_8,29337
Client_19,Ship_359,2025-06-17,2025-06-22,Product_7,15405
Client_20,Ship_360,2025-06-17,2025-06-21,Product_7,21214
Client_5,Ship_365,2025-06-17,2025-06-21,Product_10,34426
Client_1,Ship_361,2025-06-18,2025-06-22,Product_8,34757
Client_12,Ship_352,2025-06-18,2025-06-22,Product_1,37138
Client_14,Ship_354,2025-06-18,2025-06-21,Product_3,2501
Client_16,Ship_356,2025-06-18,2025-06-22,Product_5,12484
Client_13,Ship_353,2025-06-19,2025-06-22,Product_2,40776
Client_3,Ship_363,2025-06-19,2025-06-22,Product_9,10680
Client_4,Ship_364,2025-06-19,2025-06-22,Product_10,24293
Client_12,Ship_372,2025-06-23,2025-06-29,Product_5,8568
Client_16,Ship_376,2025-06-23,2025-06-28,Product_7,11628
Client_18,Ship_378,2025-06-23,2025-06-27,Product_9,10086
Client_6,Ship_366,2025-06-23,2025-06-29,Product_1,40499
Client_10,Ship_370,2025-06-24,2025-06-29,Product_4,56164
Client_7,Ship_367,2025-06-24,2025-06-27,Product_2,27545
Client_9,Ship_369,2025-06-24,2025-06-28,Product_3,2160
Client_14,Ship_374,2025-06-25,2025-06-29,Product_6,8653
Client_15,Ship_375,2025-06-25,2025-06-28,Product_7,20535
Client_17,Ship_377,2025-06-25,2025-06-28,Product_8,73011
Client_8,Ship_368,2025-06-25,2025-06-29,Product_2,18974
Client_11,Ship_371,2025-06-26,2025-06-29,Product_5,13510
Client_13,Ship_373,2025-06-26,2025-06-29,Product_6,8749
Client_19,Ship_379,2025-06-26,2025-06-29,Product_10,65772
Client_3,Ship_383,2025-06-30,2025-07-05,Product_2,29573
Client_4,Ship_384,2025-06-30,2025-07-04,Product_3,2322
Client_5,Ship_385,2025-06-30,2025-07-06,Product_4,47703
Client_1,Ship_381,2025-07-01,2025-07-06,Product_1,23583
Client_20,Ship_380,2025-07-01,2025-07-05,Product_1,15566
Client_6,Ship_386,2025-07-01,2025-07-06,Product_5,23020
Client_8,Ship_388,2025-07-01,2025-07-05,Product_7,31414
Client_9,Ship_389,2025-07-01,2025-07-06,Product_8,67714
Client_11,Ship_391,2025-07-02,2025-07-05,Product_10,59669
Client_10,Ship_390,2025-07-03,2025-07-06,Product_9,9393
Client_2,Ship_382,2025-07-03,2025-07-06,Product_2,20335
Client_7,Ship_387,2025-07-03,2025-07-06,Product_6,18333
Client_1,Ship_401,2025-07-07,2025-07-11,Product_7,10836
Client_14,Ship_394,2025-07-07,2025-07-13,Product_2,42140
Client_17,Ship_397,2025-07-07,2025-07-13,Product_5,10533
Client_18,Ship_398,2025-07-07,2025-07-11,Product_5,10783
Client_20,Ship_400,2025-07-07,2025-07-10,Product_7,19065
Client_12,Ship_392,2025-07-08,2025-07-11,Product_1,18368
Client_13,Ship_393,2025-07-08,2025-07-12,Product_1,19017
Client_16,Ship_396,2025-07-08,2025-07-11,Product_4,55120
Client_2,Ship_402,2025-07-08,2025-07-11,Product_8,66824
Client_15,Ship_395,2025-07-09,2025-07-13,Product_3,2250
Client_4,Ship_404,2025-07-09,2025-07-12,Product_9,5115
Client_5,Ship_405,2025-07-09,2025-07-13,Product_10,62070
Client_19,Ship_399,2025-07-10,2025-07-13,Product_6,16892
Client_3,Ship_403,2025-07-10,2025-07-13,Product_9,4532
Client_1,Ship_421,2025-07-14,2025-07-19,Product_10,59936
Client_11,Ship_411,2025-07-14,2025-07-17,Product_4,28419
Client_15,Ship_415,2025-07-14,2025-07-17,Product_6,5314
Client_18,Ship_418,2025-07-14,2025-07-17,Product_8,36035
Client_7,Ship_407,2025-07-14,2025-07-20,Product_1,17646
Client_9,Ship_409,2025-07-14,2025-07-17,Product_3,2451
Client_19,Ship_419,2025-07-15,2025-07-20,Product_8,34292
Client_20,Ship_420,2025-07-16,2025-07-20,Product_9,9727
Client_6,Ship_406,2025-07-16,2025-07-20,Product_1,19752
Client_8,Ship_408,2025-07-16,2025-07-20,Product_2,45974
Client_10,Ship_410,2025-07-17,2025-07-20,Product_4,19101
Client_12,Ship_412,2025-07-17,2025-07-20,Product_5,15133
Client_13,Ship_413,2025-07-17,2025-07-20,Product_5,10482
Client_14,Ship_414,2025-07-17,2025-07-20,Product_6,9383
Client_16,Ship_416,2025-07-17,2025-07-20,Product_7,14194
Client_17,Ship_417,2025-07-17,2025-07-20,Product_7,12558
Client_16,Ship_436,2025-07-21,2025-07-27,Product_10,34305
Client_3,Ship_423,2025-07-21,2025-07-26,Product_2,25731
Client_4,Ship_424,2025-07-21,2025-07-24,Product_2,18768
Client_6,Ship_426,2025-07-21,2025-07-25,Product_4,47292
Client_8,Ship_428,2025-07-21,2025-07-27,Product_5,9878
Client_10,Ship_430,2025-07-22,2025-07-25,Product_7,14927
Client_11,Ship_431,2025-07-22,2025-07-25,Product_7,15288
Client_13,Ship_433,2025-07-22,2025-07-27,Product_8,33196
Client_14,Ship_434,2025-07-22,2025-07-26,Product_9,4773
Client_12,Ship_432,2025-07-23,2025-07-26,Product_8,27577
Client_17,Ship_437,2025-07-23,2025-07-27,Product_10,25804
Client_2,Ship_422,2025-07-23,2025-07-27,Product_1,34070
Client_7,Ship_427,2025-07-23,2025-07-26,Product_5,11987
Client_9,Ship_429,2025-07-23,2025-07-27,Product_6,16862
Client_15,Ship_435,2025-07-24,2025-07-27,Product_9,4609
Client_5,Ship_425,2025-07-24,2025-07-27,Product_3,2367
Client_1,Ship_441,2025-07-28,2025-08-03,Product_2,24073
Client_2,Ship_442,2025-07-28,2025-07-31,Product_3,2070
Client_3,Ship_443,2025-07-28,2025-07-31,Product_4,48938
Client_5,Ship_445,2025-07-28,2025-08-01,Product_5,13989
Client_7,Ship_447,2025-07-28,2025-08-03,Product_7,15814
Client_18,Ship_438,2025-07-29,2025-08-03,Product_1,21007
Client_19,Ship_439,2025-07-29,2025-08-01,Product_1,18163
Client_10,Ship_450,2025-07-30,2025-08-03,Product_9,4390
Client_11,Ship_451,2025-07-30,2025-08-02,Product_9,4757
Client_12,Ship_452,2025-07-30,2025-08-02,Product_10,61205
Client_20,Ship_440,2025-07-30,2025-08-03,Product_2,13287
Client_4,Ship_444,2025-07-30,2025-08-03,Product_5,7878
Client_6,Ship_446,2025-07-30,2025-08-03,Product_6,16781
Client_9,Ship_449,2025-07-30,2025-08-03,Product_8,67529
Client_8,Ship_448,2025-07-31,2025-08-03,Product_7,10072
Client_1,Ship_461,2025-08-04,2025-08-10,Product_7,18262
Client_15,Ship_455,2025-08-04,2025-08-10,Product_3,2152
Client_18,Ship_458,2025-08-04,2025-08-08,Product_5,21837
Client_3,Ship_463,2025-08-04,2025-08-07,Product_8,32567
Client_19,Ship_459,2025-08-05,2025-08-10,Product_6,6239
Client_2,Ship_462,2025-08-05,2025-08-10,Product_7,11656
Client_4,Ship_464,2025-08-05,2025-08-10,Product_8,35447
Client_5,Ship_465,2025-08-05,2025-08-10,Product_9,9458
Client_13,Ship_453,2025-08-06,2025-08-10,Product_1,37064
Client_14,Ship_454,2025-08-06,2025-08-09,Product_2,40869
Client_16,Ship_456,2025-08-06,2025-08-09,Product_4,19121
Client_17,Ship_457,2025-08-07,2025-08-10,Product_4,31038
Client_20,Ship_460,2025-08-07,2025-08-10,Product_6,10071
Client_6,Ship_466,2025-08-07,2025-08-10,Product_10,56941
Client_14,Ship_474,2025-08-11,2025-08-15,Product_5,7254
Client_8,Ship_468,2025-08-11,2025-08-15,Product_1,15008
Client_1,Ship_481,2025-08-12,2025-08-15,Product_10,33930
Client_11,Ship_471,2025-08-12,2025-08-15,Product_4,28692
Client_18,Ship_478,2025-08-12,2025-08-17,Product_8,36457
Client_2,Ship_482,2025-08-12,2025-08-17,Product_10,23536
Client_10,Ship_470,2025-08-13,2025-08-16,Product_3,2202
Client_13,Ship_473,2025-08-13,2025-08-16,Product_5,13427
Client_16,Ship_476,2025-08-13,2025-08-17,Product_7,15124
Client_17,Ship_477,2025-08-13,2025-08-17,Product_7,11667
Client_19,Ship_479,2025-08-13,2025-08-17,Product_8,28076
Client_20,Ship_480,2025-08-13,2025-08-16,Product_9,9490
Client_12,Ship_472,2025-08-14,2025-08-17,Product_4,17364
Client_15,Ship_475,2025-08-14,2025-08-17,Product_6,16871
Client_7,Ship_467,2025-08-14,2025-08-17,Product_1,18397
Client_9,Ship_469,2025-08-14,2025-08-17,Product_2,38068
Client_11,Ship_491,2025-08-18,2025-08-22,Product_8,41959
Client_4,Ship_484,2025-08-18,2025-08-23,Product_2,41495
Client_13,Ship_493,2025-08-19,2025-08-22,Product_9,8505
Client_15,Ship_495,2025-08-19,2025-08-22,Product_10,18348
Client_7,Ship_487,2025-08-19,2025-08-24,Product_5,9586
Client_8,Ship_488,2025-08-19,2025-08-22,Product_5,12408
Client_9,Ship_489,2025-08-19,2025-08-22,Product_6,15406
Client_12,Ship_492,2025-08-20,2025-08-24,Product_8,23594
Client_5,Ship_485,2025-08-20,2025-08-24,Product_4,27428
Client_6,Ship_486,2025-08-20,2025-08-23,Product_4,21673
Client_10,Ship_490,2025-08-21,2025-08-24,Product_7,31801
Client_14,Ship_494,2025-08-21,2025-08-24,Product_10,32187
Client_3,Ship_483,2025-08-21,2025-08-24,Product_1,30065
Client_1,Ship_501,2025-08-25,2025-08-31,Product_5,21692
Client_2,Ship_502,2025-08-25,2025-08-29,Product_6,8643
Client_5,Ship_505,2025-08-25,2025-08-28,Product_7,12615
Client_9,Ship_509,2025-08-25,2025-08-31,Product_10,33347
Client_7,Ship_507,2025-08-26,2025-08-30,Product_9,8635
Client_16,Ship_496,2025-08-27,2025-08-30,Product_1,31013
Client_17,Ship_497,2025-08-27,2025-08-30,Product_2,40888
Client_19,Ship_499,2025-08-27,2025-08-31,Product_4,23735
Client_20,Ship_500,2025-08-27,2025-08-30,Product_4,30456
Client_18,Ship_498,2025-08-28,2025-08-31,Product_3,2087
Client_3,Ship_503,2025-08-28,2025-08-31,Product_6,6412
Client_4,Ship_504,2025-08-28,2025-08-31,Product_7,12711
Client_6,Ship_506,2025-08-28,2025-08-31,Product_8,65212
Client_8,Ship_508,2025-08-28,2025-08-31,Product_10,18976
Client_16,Ship_516,2025-09-01,2025-09-05,Product_5,21089
Client_18,Ship_518,2025-09-01,2025-09-04,Product_6,8406
Client_19,Ship_519,2025-09-01,2025-09-05,Product_7,17096
Client_20,Ship_520,2025-09-01,2025-09-07,Product_7,12281
Client_1,Ship_521,2025-09-02,2025-09-05,Product_8,28232
Client_13,Ship_513,2025-09-02,2025-09-06,Product_3,2121
Client_3,Ship_523,2025-09-02,2025-09-05,Product_9,8746
Client_5,Ship_525,2025-09-02,2025-09-05,Product_10,20846
Client_10,Ship_510,2025-09-03,2025-09-07,Product_1,16400
Client_12,Ship_512,2025-09-03,2025-09-07,Product_2,38821
Client_14,Ship_514,2025-09-03,2025-09-06,Product_4,31556
Client_15,Ship_515,2025-09-03,2025-09-06,Product_4,18069
Client_17,Ship_517,2025-09-03,2025-09-07,Product_6,5203
Client_4,Ship_524,2025-09-03,2025-09-07,Product_10,37336
Client_11,Ship_511,2025-09-04,2025-09-07,Product_1,17937
Client_2,Ship_522,2025-09-04,2025-09-07,Product_8,30558
Client_13,Ship_533,2025-09-08,2025-09-14,Product_6,5979
Client_16,Ship_536,2025-09-08,2025-09-11,Product_7,12334
Client_19,Ship_539,2025-09-08,2025-09-14,Product_9,5643
Client_20,Ship_540,2025-09-08,2025-09-13,Product_9,3248
Client_6,Ship_526,2025-09-08,2025-09-13,Product_1,33836
Client_8,Ship_528,2025-09-08,2025-09-14,Product_2,23618
Client_1,Ship_541,2025-09-09,2025-09-14,Product_10,26792
Client_10,Ship_530,2025-09-09,2025-09-12,Product_4,25458
Client_14,Ship_534,2025-09-09,2025-09-14,Product_6,9991
Client_18,Ship_538,2025-09-09,2025-09-14,Product_8,36073
Client_11,Ship_531,2025-09-10,2025-09-14,Product_4,25767
Client_12,Ship_532,2025-09-10,2025-09-13,Product_5,21535
Client_17,Ship_537,2025-09-10,2025-09-14,Product_8,22100
Client_2,Ship_542,2025-09-10,2025-09-14,Product_10,29613
Client_7,Ship_527,2025-09-10,2025-09-13,Product_2,16995
Client_9,Ship_529,2025-09-10,2025-09-13,Product_3,2056
Client_15,Ship_535,2025-09-11,2025-09-14,Product_7,16836
Client_11,Ship_551,2025-09-15,2025-09-20,Product_6,5957
Client_16,Ship_556,2025-09-15,2025-09-20,Product_9,3835
Client_18,Ship_558,2025-09-15,2025-09-19,Product_10,54093
Client_5,Ship_545,2025-09-15,2025-09-21,Product_3,2113
Client_6,Ship_546,2025-09-15,2025-09-19,Product_4,22930
Client_10,Ship_550,2025-09-16,2025-09-19,Product_6,10120
Client_12,Ship_552,2025-09-16,2025-09-20,Product_7,17508
Client_14,Ship_554,2025-09-16,2025-09-20,Product_8,35926
Client_17,Ship_557,2025-09-16,2025-09-19,Product_9,3971
Client_4,Ship_544,2025-09-16,2025-09-20,Product_2,42825
Client_8,Ship_548,2025-09-16,2025-09-19,Product_5,10688
Client_13,Ship_553,2025-09-17,2025-09-21,Product_7,10344
Client_3,Ship_543,2025-09-17,2025-09-20,Product_1,35223
Client_7,Ship_547,2025-09-17,2025-09-20,Product_4,21110
Client_15,Ship_555,2025-09-18,2025-09-21,Product_8,28088
Client_9,Ship_549,2025-09-18,2025-09-21,Product_5,12502
Client_10,Ship_570,2025-09-22,2025-09-26,Product_9,3978
Client_20,Ship_560,2025-09-22,2025-09-26,Product_1,15111
Client_4,Ship_564,2025-09-22,2025-09-28,Product_5,7550
Client_6,Ship_566,2025-09-22,2025-09-25,Product_6,9090
Client_9,Ship_569,2025-09-22,2025-09-28,Product_8,66909
Client_11,Ship_571,2025-09-23,2025-09-27,Product_9,3547
Client_19,Ship_559,2025-09-23,2025-09-28,Product_1,21992
Client_2,Ship_562,2025-09-23,2025-09-28,Product_3,2079
Client_7,Ship_567,2025-09-23,2025-09-26,Product_6,6439
Client_1,Ship_561,2025-09-24,2025-09-28,Product_2,39331
Client_12,Ship_572,2025-09-24,2025-09-28,Product_10,21261
Client_13,Ship_573,2025-09-24,2025-09-28,Product_10,34777
Client_3,Ship_563,2025-09-24,2025-09-27,Product_4,50330
Client_5,Ship_565,2025-09-24,2025-09-27,Product_5,13002
Client_8,Ship_568,2025-09-24,2025-09-27,Product_7,24533
Client_15,Ship_575,2025-09-29,2025-10-04,Product_1,21101
Client_6,Ship_586,2025-09-29,2025-10-05,Product_10,22615
Client_16,Ship_576,2025-09-30,2025-10-03,Product_2,26656
Client_20,Ship_580,2025-09-30,2025-10-05,Product_5,22366
Client_1,Ship_581,2025-10-01,2025-10-05,Product_6,15100
Client_14,Ship_574,2025-10-01,2025-10-05,Product_1,12324
Client_17,Ship_577,2025-10-01,2025-10-05,Product_2,18021
Client_18,Ship_578,2025-10-01,2025-10-05,Product_3,2129
Client_19,Ship_579,2025-10-01,2025-10-05,Product_4,45635
Client_2,Ship_582,2025-10-01,2025-10-05,Product_7,13006
Client_4,Ship_584,2025-10-01,2025-10-05,Product_8,60812
Client_5,Ship_585,2025-10-01,2025-10-04,Product_9,9022
Client_3,Ship_583,2025-10-02,2025-10-05,Product_7,16513
Client_7,Ship_587,2025-10-02,2025-10-05,Product_10,35939
Client_13,Ship_593,2025-10-06,2025-10-10,Product_5,21015
Client_14,Ship_594,2025-10-06,2025-10-12,Product_6,5790
Client_15,Ship_595,2025-10-06,2025-10-10,Product_6,10352
Client_19,Ship_599,2025-10-06,2025-10-12,Product_9,3246
Client_9,Ship_589,2025-10-06,2025-10-11,Product_2,27003
Client_10,Ship_590,2025-10-07,2025-10-12,Product_2,14915
Client_17,Ship_597,2025-10-07,2025-10-12,Product_8,41172
Client_18,Ship_598,2025-10-07,2025-10-12,Product_8,26315
Client_2,Ship_602,2025-10-07,2025-10-10,Product_10,22196
Client_8,Ship_588,2025-10-07,2025-10-11,Product_1,34435
Client_12,Ship_592,2025-10-08,2025-10-11,Product_4,20730
Client_16,Ship_596,2025-10-08,2025-10-12,Product_7,26110
Client_1,Ship_601,2025-10-09,2025-10-12,Product_10,38007
Client_11,Ship_591,2025-10-09,2025-10-12,Product_4,25465
Client_20,Ship_600,2025-10-09,2025-10-12,Product_9,5953
Client_12,Ship_612,2025-10-13,2025-10-17,Product_7,28308
Client_13,Ship_613,2025-10-13,2025-10-17,Product_8,25508
Client_6,Ship_606,2025-10-13,2025-10-18,Product_3,2000
Client_8,Ship_608,2025-10-13,2025-10-17,Product_4,17010
Client_10,Ship_610,2025-10-14,2025-10-18,Product_5,12478
Client_15,Ship_615,2025-10-14,2025-10-17,Product_9,4255
Client_3,Ship_603,2025-10-14,2025-10-18,Product_1,33369
Client_7,Ship_607,2025-10-14,2025-10-18,Product_4,30945
Client_17,Ship_617,2025-10-15,2025-10-19,Product_10,56131
Client_11,Ship_611,2025-10-16,2025-10-19,Product_6,16194
Client_14,Ship_614,2025-10-16,2025-10-19,Product_8,34719
Client_16,Ship_616,2025-10-16,2025-10-19,Product_9,4943
Client_4,Ship_604,2025-10-16,2025-10-19,Product_2,24206
Client_5,Ship_605,2025-10-16,2025-10-19,Product_2,14104
Client_9,Ship_609,2025-10-16,2025-10-19,Product_5,9813
Client_18,Ship_618,2025-10-20,2025-10-25,Product_1,33349
Client_19,Ship_619,2025-10-20,2025-10-25,Product_2,38196
Client_3,Ship_623,2025-10-20,2025-10-24,Product_5,12175
Client_5,Ship_625,2025-10-20,2025-10-26,Product_6,10162
Client_6,Ship_626,2025-10-20,2025-10-26,Product_7,16741
Client_9,Ship_629,2025-10-20,2025-10-24,Product_9,9174
Client_2,Ship_622,2025-10-21,2025-10-25,Product_5,7146
Client_7,Ship_627,2025-10-21,2025-10-24,Product_7,13812
Client_8,Ship_628,2025-10-21,2025-10-24,Product_8,62759
Client_1,Ship_621,2025-10-22,2025-10-25,Product_4,49701
Client_10,Ship_630,2025-10-22,2025-10-26,Product_10,55732
Client_20,Ship_620,2025-10-22,2025-10-25,Product_3,2184
Client_4,Ship_624,2025-10-23,2025-10-26,Product_6,6330
Client_11,Ship_631,2025-10-27,2025-11-02,Product_1,36800
Client_14,Ship_634,2025-10-27,2025-11-02,Product_3,2184
Client_18,Ship_638,2025-10-27,2025-10-30,Product_6,16211
Client_19,Ship_639,2025-10-27,2025-10-30,Product_7,29453
Client_12,Ship_632,2025-10-28,2025-11-01,Product_2,17582
Client_15,Ship_635,2025-10-28,2025-11-01,Product_4,29220
Client_16,Ship_636,2025-10-28,2025-10-31,Product_4,19124
Client_1,Ship_641,2025-10-29,2025-11-02,Product_8,24458
Client_13,Ship_633,2025-10-29,2025-11-01,Product_2,25394
Client_17,Ship_637,2025-10-29,2025-11-01,Product_5,22278
Client_3,Ship_643,2025-10-29,2025-11-01,Product_9,4603
Client_2,Ship_642,2025-10-30,2025-11-02,Product_9,3679
Client_20,Ship_640,2025-10-30,2025-11-02,Product_8,38621
Client_4,Ship_644,2025-10-30,2025-11-02,Product_10,60400
Client_10,Ship_650,2025-11-03,2025-11-09,Product_5,22751
Client_11,Ship_651,2025-11-03,2025-11-09,Product_6,16868
Client_14,Ship_654,2025-11-03,2025-11-08,Product_9,5552
Client_8,Ship_648,2025-11-03,2025-11-06,Product_2,25805
Client_15,Ship_655,2025-11-04,2025-11-08,Product_9,3472
Client_6,Ship_646,2025-11-04,2025-11-09,Product_1,21514
Client_12,Ship_652,2025-11-05,2025-11-09,Product_7,34122
Client_9,Ship_649,2025-11-05,2025-11-09,Product_4,53748
Client_13,Ship_653,2025-11-06,2025-11-09,Product_8,60550
Client_16,Ship_656,2025-11-06,2025-11-09,Product_10,57852
Client_5,Ship_645,2025-11-06,2025-11-09,Product_1,16527
Client_7,Ship_647,2025-11-06,2025-11-09,Product_2,17500
Client_10,Ship_670,2025-11-10,2025-11-15,Product_8,54904
Client_20,Ship_660,2025-11-10,2025-11-13,Product_2,19955
Client_1,Ship_661,2025-11-11,2025-11-15,Product_3,2162
Client_11,Ship_671,2025-11-11,2025-11-14,Product_9,8425
Client_12,Ship_672,2025-11-11,2025-11-16,Product_10,37312
Client_13,Ship_673,2025-11-11,2025-11-15,Product_10,23164
Client_17,Ship_657,2025-11-11,2025-11-14,Product_1,17360
Client_19,Ship_659,2025-11-11,2025-11-14,Product_2,22757
Client_2,Ship_662,2025-11-11,2025-11-15,Product_4,29940
Client_3,Ship_663,2025-11-11,2025-11-14,Product_4,23954
Client_4,Ship_664,2025-11-11,2025-11-16,Product_5,11588
Client_6,Ship_666,2025-11-11,2025-11-14,Product_6,7836
Client_8,Ship_668,2025-11-11,2025-11-15,Product_7,15281
Client_18,Ship_658,2025-11-12,2025-11-15,Product_1,20486
Client_5,Ship_665,2025-11-13,2025-11-16,Product_5,10486
Client_7,Ship_667,2025-11-13,2025-11-16,Product_6,6701
Client_9,Ship_669,2025-11-13,2025-11-16,Product_7,14942
Client_14,Ship_674,2025-11-17,2025-11-21,Product_1,34723
Client_16,Ship_676,2025-11-17,2025-11-20,Product_2,24654
Client_18,Ship_678,2025-11-17,2025-11-23,Product_4,21971
Client_19,Ship_679,2025-11-17,2025-11-22,Product_4,30848
Client_2,Ship_682,2025-11-17,2025-11-22,Product_6,6367
Client_8,Ship_688,2025-11-17,2025-11-20,Product_10,23574
Client_17,Ship_677,2025-11-18,2025-11-23,Product_3,2224
Client_1,Ship_681,2025-11-19,2025-11-22,Product_6,9214
Client_15,Ship_675,2025-11-19,2025-11-23,Product_2,14917
Client_20,Ship_680,2025-11-19,2025-11-23,Product_5,22690
Client_4,Ship_684,2025-11-19,2025-11-23,Product_7,16551
Client_3,Ship_683,2025-11-20,2025-11-23,Product_7,12950
Client_5,Ship_685,2025-11-20,2025-11-23,Product_8,70998
Client_6,Ship_686,2025-11-20,2025-11-23,Product_9,8844
Client_7,Ship_687,2025-11-20,2025-11-23,Product_10,28734
Client_1,Ship_701,2025-11-24,2025-11-28,Product_10,36128
Client_11,Ship_691,2025-11-24,2025-11-27,Product_2,17272
Client_20,Ship_700,2025-11-24,2025-11-27,Product_10,20341
Client_9,Ship_689,2025-11-24,2025-11-29,Product_1,13547
Client_14,Ship_694,2025-11-25,2025-11-30,Product_4,48220
Client_12,Ship_692,2025-11-26,2025-11-29,Product_2,23813
Client_13,Ship_693,2025-11-26,2025-11-30,Product_3,2114
Client_15,Ship_695,2025-11-26,2025-11-30,Product_5,20345
Client_17,Ship_697,2025-11-26,2025-11-30,Product_7,29342
Client_10,Ship_690,2025-11-27,2025-11-30,Product_1,20253
Client_16,Ship_696,2025-11-27,2025-11-30,Product_6,15361
Client_18,Ship_698,2025-11-27,2025-11-30,Product_8,63572
Client_19,Ship_699,2025-11-27,2025-11-30,Product_9,9434
Client_11,Ship_711,2025-12-01,2025-12-05,Product_9,3508
Client_14,Ship_714,2025-12-01,2025-12-04,Product_10,34997
Client_2,Ship_702,2025-12-01,2025-12-06,Product_1,37174
Client_7,Ship_707,2025-12-01,2025-12-07,Product_6,15915
Client_10,Ship_710,2025-12-02,2025-12-06,Product_8,31838
Client_12,Ship_712,2025-12-02,2025-12-05,Product_9,5454
Client_13,Ship_713,2025-12-02,2025-12-07,Product_10,27608
Client_4,Ship_704,2025-12-02,2025-12-05,Product_4,27400
Client_3,Ship_703,2025-12-03,2025-12-06,Product_2,41717
Client_6,Ship_706,2025-12-03,2025-12-07,Product_5,22583
Client_5,Ship_705,2025-12-04,2025-12-07,Product_4,17942
Client_8,Ship_708,2025-12-04,2025-12-07,Product_7,31861
Client_9,Ship_709,2025-12-04,2025-12-07,Product_8,31162
Client_17,Ship_717,2025-12-08,2025-12-13,Product_3,2432
Client_4,Ship_724,2025-12-08,2025-12-14,Product_8,42270
Client_7,Ship_727,2025-12-08,2025-12-12,Product_9,5675
Client_8,Ship_728,2025-12-08,2025-12-14,Product_10,32165
Client_16,Ship_716,2025-12-09,2025-12-12,Product_2,38533
Client_2,Ship_722,2025-12-09,2025-12-14,Product_7,18493
Client_1,Ship_721,2025-12-10,2025-12-13,Product_6,6104
Client_19,Ship_719,2025-12-10,2025-12-13,Product_5,20381
Client_20,Ship_720,2025-12-10,2025-12-13,Product_6,9511
Client_15,Ship_715,2025-12-11,2025-12-14,Product_1,38751
Client_18,Ship_718,2025-12-11,2025-12-14,Product_4,54729
Client_3,Ship_723,2025-12-11,2025-12-14,Product_7,11122
Client_5,Ship_725,2025-12-11,2025-12-14,Product_8,25683
Client_6,Ship_726,2025-12-11,2025-12-14,Product_9,3427
Client_9,Ship_729,2025-12-11,2025-12-14,Product_10,21588
Client_10,Ship_730,2025-12-15,2025-12-21,Product_1,14651
Client_16,Ship_736,2025-12-15,2025-12-21,Product_5,25459
Client_14,Ship_734,2025-12-16,2025-12-19,Product_4,26554
Client_18,Ship_738,2025-12-16,2025-12-21,Product_6,8305
Client_19,Ship_739,2025-12-16,2025-12-19,Product_7,30523
Client_2,Ship_742,2025-12-16,2025-12-21,Product_9,4758
Client_4,Ship_744,2025-12-16,2025-12-19,Product_10,31345
Client_5,Ship_745,2025-12-17,2025-12-20,Product_10,23312
Client_1,Ship_741,2025-12-18,2025-12-21,Product_8,29179
Client_11,Ship_731,2025-12-18,2025-12-21,Product_1,24423
Client_12,Ship_732,2025-12-18,2025-12-21,Product_2,38695
Client_13,Ship_733,2025-12-18,2025-12-21,Product_3,2085
Client_15,Ship_735,2025-12-18,2025-12-21,Product_4,22372
Client_17,Ship_737,2025-12-18,2025-12-21,Product_6,7984
Client_20,Ship_740,2025-12-18,2025-12-21,Product_8,35982
Client_3,Ship_743,2025-12-18,2025-12-21,Product_9,3377
Client_10,Ship_750,2025-12-22,2025-12-27,Product_4,60405
Client_12,Ship_752,2025-12-22,2025-12-28,Product_5,16120
Client_14,Ship_754,2025-12-22,2025-12-26,Product_6,8573
Client_17,Ship_757,2025-12-22,2025-12-27,Product_9,9921
Client_6,Ship_746,2025-12-22,2025-12-26,Product_1,40129
Client_8,Ship_748,2025-12-22,2025-12-27,Product_2,21433
Client_9,Ship_749,2025-12-22,2025-12-27,Product_3,2302
Client_13,Ship_753,2025-12-23,2025-12-28,Product_6,9905
Client_15,Ship_755,2025-12-23,2025-12-26,Product_7,28762
Client_7,Ship_747,2025-12-24,2025-12-28,Product_2,23475
Client_11,Ship_751,2025-12-25,2025-12-28,Product_5,9560
Client_16,Ship_756,2025-12-25,2025-12-28,Product_8,72123
Client_18,Ship_758,2025-12-25,2025-12-28,Product_10,65556
Client_1,Ship_761,2025-12-29,2025-12-31,Product_2,13732
Client_10,Ship_770,2025-12-29,2025-12-31,Product_8,19302
Client_11,Ship_771,2025-12-29,2025-12-31,Product_9,4928
Client_12,Ship_772,2025-12-29,2025-12-31,Product_10,13526
Client_13,Ship_773,2025-12-29,2025-12-31,Product_10,24909
Client_19,Ship_759,2025-12-29,2025-12-31,Product_1,10474
Client_2,Ship_762,2025-12-29,2025-12-31,Product_2,14509
Client_20,Ship_760,2025-12-29,2025-12-31,Product_1,12818
Client_3,Ship_763,2025-12-29,2025-12-31,Product_4,33420
Client_4,Ship_764,2025-12-29,2025-12-31,Product_5,7200
Client_5,Ship_765,2025-12-29,2025-12-31,Product_5,7162
Client_6,Ship_766,2025-12-29,2025-12-31,Product_6,5905
Client_7,Ship_767,2025-12-29,2025-12-31,Product_6,3240
Client_8,Ship_768,2025-12-29,2025-12-31,Product_7,22179
Client_9,Ship_769,2025-12-29,2025-12-31,Product_8,18531
