date,ship,load,berth,product,demand,cumulative_load,cumulative_load_pct
2025-01-07,Ship_23,3783.0,Q2A,Product_7,14783,3783.0,0.2559
2025-01-07,Ship_18,19944.0,Q1B,Product_4,27751,19944.0,0.7187
2025-01-08,Ship_18,7807.0,Q1B,Product_4,27751,27751.0,1.0
2025-01-08,Ship_22,7818.0,Q1C,Product_6,7818,7818.0,1.0
2025-01-08,Ship_27,27955.0,Q2B,Product_10,62955,27955.0,0.444
2025-01-08,Ship_23,11000.0,Q2A,Product_7,14783,14783.0,1.0
2025-01-09,Ship_16,35000.0,Q1A,Product_2,45309,35000.0,0.7725
2025-01-09,Ship_20,20483.0,Q1C,Product_5,23149,20483.0,0.8848
2025-01-09,Ship_19,4600.0,Q1B,Product_4,27600,4600.0,0.1667
2025-01-09,Ship_24,9536.5,Q2A,Product_7,19073,9536.5,0.5
2025-01-10,Ship_16,10309.0,Q1A,Product_2,45309,45309.0,1.0
2025-01-10,Ship_27,35000.0,Q2B,Product_10,62955,62955.0,1.0
2025-01-10,Ship_20,2666.0,Q1C,Product_5,23149,23149.0,1.0
2025-01-10,Ship_19,23000.0,Q1B,Product_4,27600,27600.0,1.0
2025-01-10,Ship_24,9536.5,Q2A,Product_7,19073,19073.0,1.0
2025-01-11,Ship_17,2238.0,Q1B,Product_3,2238,2238.0,1.0
2025-01-11,Ship_15,17348.0,Q1A,Product_1,40348,17348.0,0.43
2025-01-11,Ship_25,36281.0,Q2A,Product_8,72562,36281.0,0.5
2025-01-12,Ship_21,8611.0,Q1C,Product_6,8611,8611.0,1.0
2025-01-12,Ship_25,36281.0,Q2A,Product_8,72562,72562.0,1.0
2025-01-12,Ship_26,9151.0,Q2B,Product_9,9151,9151.0,1.0
2025-01-12,Ship_15,23000.0,Q1A,Product_1,40348,40348.0,1.0
2025-01-13,Ship_29,9882.0,Q1A,Product_1,16337,9882.0,0.6049
2025-01-14,Ship_32,23000.0,Q1B,Product_4,28423,23000.0,0.8092
2025-01-14,Ship_29,6455.0,Q1A,Product_1,16337,16337.0,1.0
2025-01-14,Ship_42,9403.0,Q2B,Product_10,32403,9403.0,0.2902
2025-01-15,Ship_32,5423.0,Q1B,Product_4,28423,28423.0,1.0
2025-01-15,Ship_34,5793.0,Q1C,Product_5,16793,5793.0,0.345
2025-01-15,Ship_42,23000.0,Q2B,Product_10,32403,32403.0,1.0
2025-01-16,Ship_38,31886.0,Q2A,Product_8,66886,31886.0,0.4767
2025-01-16,Ship_41,17969.0,Q2B,Product_10,40969,17969.0,0.4386
2025-01-16,Ship_28,2401.0,Q1A,Product_1,25401,2401.0,0.0945
2025-01-16,Ship_34,11000.0,Q1C,Product_5,16793,16793.0,1.0
2025-01-17,Ship_38,35000.0,Q2A,Product_8,66886,66886.0,1.0
2025-01-17,Ship_31,2162.0,Q1B,Product_3,2162,2162.0,1.0
2025-01-17,Ship_35,10546.0,Q1C,Product_5,10546,10546.0,1.0
2025-01-17,Ship_41,23000.0,Q2B,Product_10,40969,40969.0,1.0
2025-01-17,Ship_28,23000.0,Q1A,Product_1,25401,25401.0,1.0
2025-01-18,Ship_30,23000.0,Q1A,Product_2,42858,23000.0,0.5367
2025-01-18,Ship_36,3421.0,Q1C,Product_6,14421,3421.0,0.2372
2025-01-18,Ship_37,23000.0,Q2A,Product_7,34925,23000.0,0.6586
2025-01-18,Ship_33,23000.0,Q1B,Product_4,28542,23000.0,0.8058
2025-01-18,Ship_39,6202.0,Q2B,Product_9,6202,6202.0,1.0
2025-01-19,Ship_40,4176.0,Q2B,Product_9,4176,4176.0,1.0
2025-01-19,Ship_36,11000.0,Q1C,Product_6,14421,14421.0,1.0
2025-01-19,Ship_30,19858.0,Q1A,Product_2,42858,42858.0,1.0
2025-01-19,Ship_33,5542.0,Q1B,Product_4,28542,28542.0,1.0
2025-01-19,Ship_37,11925.0,Q2A,Product_7,34925,34925.0,1.0
2025-01-21,Ship_55,19985.0,Q2A,Product_8,31167,19985.0,0.6412
2025-01-21,Ship_43,8379.0,Q1A,Product_1,19379,8379.0,0.4324
2025-01-21,Ship_51,9104.0,Q1C,Product_5,9104,9104.0,1.0
2025-01-21,Ship_49,22832.0,Q1B,Product_4,22832,22832.0,1.0
2025-01-22,Ship_43,11000.0,Q1A,Product_1,19379,19379.0,1.0
2025-01-22,Ship_54,23000.0,Q2A,Product_8,42628,23000.0,0.5396
2025-01-22,Ship_58,17418.0,Q2B,Product_10,40418,17418.0,0.4309
2025-01-23,Ship_52,11000.0,Q1C,Product_6,17296,11000.0,0.636
2025-01-23,Ship_54,19628.0,Q2A,Product_8,42628,42628.0,1.0
2025-01-23,Ship_45,11000.0,Q1A,Product_2,20032,11000.0,0.5491
2025-01-23,Ship_48,7168.0,Q1B,Product_4,30168,7168.0,0.2376
2025-01-23,Ship_58,23000.0,Q2B,Product_10,40418,40418.0,1.0
2025-01-24,Ship_56,6102.0,Q2B,Product_9,6102,6102.0,1.0
2025-01-24,Ship_53,23000.0,Q2A,Product_7,31314,23000.0,0.7345
2025-01-24,Ship_52,6296.0,Q1C,Product_6,17296,17296.0,1.0
2025-01-24,Ship_48,23000.0,Q1B,Product_4,30168,30168.0,1.0
2025-01-24,Ship_45,9032.0,Q1A,Product_2,20032,20032.0,1.0
2025-01-25,Ship_50,11000.0,Q1C,Product_5,15741,11000.0,0.6988
2025-01-25,Ship_53,8314.0,Q2A,Product_7,31314,31314.0,1.0
2025-01-25,Ship_59,23000.0,Q2B,Product_10,24337,23000.0,0.9451
2025-01-25,Ship_46,23000.0,Q1A,Product_2,26017,23000.0,0.884
2025-01-26,Ship_47,2464.0,Q1B,Product_3,2464,2464.0,1.0
2025-01-26,Ship_44,22868.0,Q1A,Product_1,22868,22868.0,1.0
2025-01-26,Ship_50,4741.0,Q1C,Product_5,15741,15741.0,1.0
2025-01-26,Ship_55,11182.0,Q2A,Product_8,31167,31167.0,1.0
2025-01-26,Ship_57,4921.0,Q2B,Product_9,4921,4921.0,1.0
2025-01-28,Ship_62,11795.0,Q1A,Product_2,46795,11795.0,0.2521
2025-01-28,Ship_68,11000.0,Q2A,Product_7,13491,11000.0,0.8154
2025-01-29,Ship_60,23000.0,Q1A,Product_1,26862,23000.0,0.8562
2025-01-29,Ship_65,1497.0,Q1C,Product_5,12497,1497.0,0.1198
2025-01-29,Ship_68,2491.0,Q2A,Product_7,13491,13491.0,1.0
2025-01-29,Ship_73,7270.0,Q2B,Product_10,30270,7270.0,0.2402
2025-01-30,Ship_69,9577.0,Q2A,Product_7,19154,9577.0,0.5
2025-01-30,Ship_60,3862.0,Q1A,Product_1,26862,26862.0,1.0
2025-01-30,Ship_65,11000.0,Q1C,Product_5,12497,12497.0,1.0
2025-01-30,Ship_73,23000.0,Q2B,Product_10,30270,30270.0,1.0
2025-01-31,Ship_71,8114.0,Q2B,Product_9,8114,8114.0,1.0
2025-01-31,Ship_66,10570.0,Q1C,Product_5,10570,10570.0,1.0
2025-01-31,Ship_62,35000.0,Q1A,Product_2,46795,46795.0,1.0
2025-01-31,Ship_63,2319.0,Q1B,Product_3,2319,2319.0,1.0
2025-01-31,Ship_69,9577.0,Q2A,Product_7,19154,19154.0,1.0
2025-02-01,Ship_67,9037.5,Q1C,Product_6,18075,9037.5,0.5
2025-02-01,Ship_70,32369.0,Q2A,Product_8,79369,32369.0,0.4078
2025-02-01,Ship_61,4219.0,Q1A,Product_1,15219,4219.0,0.2772
2025-02-01,Ship_72,8684.0,Q2B,Product_10,31684,8684.0,0.2741
2025-02-01,Ship_64,35000.0,Q1B,Product_4,48709,35000.0,0.7186
2025-02-02,Ship_72,23000.0,Q2B,Product_10,31684,31684.0,1.0
2025-02-02,Ship_67,9037.5,Q1C,Product_6,18075,18075.0,1.0
2025-02-02,Ship_64,13709.0,Q1B,Product_4,48709,48709.0,1.0
2025-02-02,Ship_61,11000.0,Q1A,Product_1,15219,15219.0,1.0
2025-02-02,Ship_70,47000.0,Q2A,Product_8,79369,79369.0,1.0
2025-02-03,Ship_81,7622.0,Q2A,Product_7,12522,7622.0,0.6087
2025-02-04,Ship_75,6266.0,Q1A,Product_1,17266,6266.0,0.3629
2025-02-04,Ship_84,7168.0,Q2A,Product_8,30168,7168.0,0.2376
2025-02-05,Ship_75,11000.0,Q1A,Product_1,17266,17266.0,1.0
2025-02-05,Ship_82,11000.0,Q2A,Product_7,20026,11000.0,0.5493
2025-02-05,Ship_85,3537.0,Q2B,Product_9,3537,3537.0,1.0
2025-02-06,Ship_76,22933.0,Q1A,Product_2,45866,22933.0,0.5
2025-02-06,Ship_82,8942.0,Q2A,Product_7,20026,19942.0,0.9958
2025-02-06,Ship_87,29184.0,Q2B,Product_10,64184,29184.0,0.4547
2025-02-06,Ship_80,6468.0,Q1C,Product_6,17468,6468.0,0.3703
2025-02-07,Ship_76,22933.0,Q1A,Product_2,45866,45866.0,1.0
2025-02-07,Ship_87,35000.0,Q2B,Product_10,64184,64184.0,1.0
2025-02-07,Ship_83,14024.0,Q2A,Product_8,37024,14024.0,0.3788
2025-02-07,Ship_78,35000.0,Q1B,Product_4,56815,35000.0,0.616
2025-02-07,Ship_80,11000.0,Q1C,Product_6,17468,17468.0,1.0
2025-02-08,Ship_74,23000.0,Q1A,Product_1,25824,23000.0,0.8906
2025-02-08,Ship_83,23000.0,Q2A,Product_8,37024,37024.0,1.0
2025-02-08,Ship_78,21815.0,Q1B,Product_4,56815,56815.0,1.0
2025-02-08,Ship_79,12393.5,Q1C,Product_5,24787,12393.5,0.5
2025-02-09,Ship_79,12393.5,Q1C,Product_5,24787,24787.0,1.0
2025-02-09,Ship_74,2824.0,Q1A,Product_1,25824,25824.0,1.0
2025-02-09,Ship_84,23000.0,Q2A,Product_8,30168,30168.0,1.0
2025-02-09,Ship_86,6510.0,Q2B,Product_9,6510,6510.0,1.0
2025-02-09,Ship_77,2794.0,Q1B,Product_3,2794,2794.0,1.0
2025-02-10,Ship_100,17928.0,Q2A,Product_8,40928,17928.0,0.438
2025-02-11,Ship_98,11000.0,Q2A,Product_7,16545,11000.0,0.6649
2025-02-12,Ship_92,5936.0,Q1B,Product_4,28936,5936.0,0.2051
2025-02-12,Ship_100,23000.0,Q2A,Product_8,40928,40928.0,1.0
2025-02-12,Ship_104,23000.0,Q2B,Product_10,25266,23000.0,0.9103
2025-02-12,Ship_88,22600.0,Q1A,Product_1,22600,22600.0,1.0
2025-02-13,Ship_103,23000.0,Q2B,Product_10,34298,23000.0,0.6706
2025-02-13,Ship_90,11974.0,Q1A,Product_2,46974,11974.0,0.2549
2025-02-13,Ship_99,18932.0,Q2A,Product_8,37864,18932.0,0.5
2025-02-13,Ship_94,22718.0,Q1C,Product_5,26230,22718.0,0.8661
2025-02-13,Ship_92,23000.0,Q1B,Product_4,28936,28936.0,1.0
2025-02-14,Ship_101,5392.0,Q2B,Product_9,5392,5392.0,1.0
2025-02-14,Ship_99,18932.0,Q2A,Product_8,37864,37864.0,1.0
2025-02-14,Ship_90,35000.0,Q1A,Product_2,46974,46974.0,1.0
2025-02-14,Ship_93,9529.0,Q1B,Product_4,19058,9529.0,0.5
2025-02-15,Ship_102,5590.0,Q2B,Product_9,5590,5590.0,1.0
2025-02-15,Ship_96,7550.0,Q1C,Product_6,7550,7550.0,1.0
2025-02-15,Ship_93,9529.0,Q1B,Product_4,19058,19058.0,1.0
2025-02-15,Ship_97,11000.0,Q2A,Product_7,16521,11000.0,0.6658
2025-02-15,Ship_89,9514.0,Q1A,Product_1,20514,9514.0,0.4638
2025-02-16,Ship_103,11298.0,Q2B,Product_10,34298,34298.0,1.0
2025-02-16,Ship_89,11000.0,Q1A,Product_1,20514,20514.0,1.0
2025-02-16,Ship_91,2276.0,Q1B,Product_3,2276,2276.0,1.0
2025-02-16,Ship_95,7920.0,Q1C,Product_6,7920,7920.0,1.0
2025-02-17,Ship_115,15697.0,Q2A,Product_8,38697,15697.0,0.4056
2025-02-18,Ship_114,4124.0,Q2A,Product_8,27124,4124.0,0.152
2025-02-19,Ship_115,23000.0,Q2A,Product_8,38697,38697.0,1.0
2025-02-20,Ship_109,10607.88,Q1C,Product_5,23235,10607.88,0.4565
2025-02-20,Ship_105,19398.0,Q1A,Product_1,42398,19398.0,0.4575
2025-02-20,Ship_108,28158.0,Q1B,Product_4,63158,28158.0,0.4458
2025-02-20,Ship_117,35000.0,Q2B,Product_10,63782,35000.0,0.5487
2025-02-20,Ship_112,11000.0,Q2A,Product_7,16436,11000.0,0.6693
2025-02-21,Ship_109,12627.12,Q1C,Product_5,23235,23235.0,1.0
2025-02-21,Ship_116,9974.0,Q2B,Product_9,9974,9974.0,1.0
2025-02-21,Ship_108,35000.0,Q1B,Product_4,63158,63158.0,1.0
2025-02-21,Ship_114,23000.0,Q2A,Product_8,27124,27124.0,1.0
2025-02-21,Ship_105,23000.0,Q1A,Product_1,42398,42398.0,1.0
2025-02-22,Ship_110,8169.0,Q1C,Product_6,8169,8169.0,1.0
2025-02-22,Ship_117,28782.0,Q2B,Product_10,63782,63782.0,1.0
2025-02-22,Ship_113,11000.0,Q2A,Product_7,16700,11000.0,0.6587
2025-02-22,Ship_106,12503.0,Q1A,Product_2,47503,12503.0,0.2632
2025-02-23,Ship_111,9955.0,Q1C,Product_6,9955,9955.0,1.0
2025-02-23,Ship_113,5700.0,Q2A,Product_7,16700,16700.0,1.0
2025-02-23,Ship_106,35000.0,Q1A,Product_2,47503,47503.0,1.0
2025-02-23,Ship_107,2439.0,Q1B,Product_3,2439,2439.0,1.0
2025-02-24,Ship_131,6979.0,Q2B,Product_10,26881,6979.0,0.2596
2025-02-24,Ship_123,4665.0,Q1C,Product_5,8946,4665.0,0.5215
2025-02-25,Ship_131,19902.0,Q2B,Product_10,26881,26881.0,1.0
2025-02-25,Ship_123,3388.0,Q1C,Product_5,8946,8053.0,0.9002
2025-02-25,Ship_121,21465.0,Q1B,Product_4,21465,21465.0,1.0
2025-02-26,Ship_118,23000.0,Q1A,Product_1,42283,23000.0,0.544
2025-02-26,Ship_125,7589.0,Q1C,Product_6,7589,7589.0,1.0
2025-02-27,Ship_119,16567.0,Q1A,Product_2,51567,16567.0,0.3213
2025-02-27,Ship_122,8715.0,Q1B,Product_4,31715,8715.0,0.2748
2025-02-27,Ship_130,15552.0,Q2B,Product_10,38552,15552.0,0.4034
2025-02-27,Ship_128,37539.0,Q2A,Product_8,75078,37539.0,0.5
2025-02-28,Ship_122,23000.0,Q1B,Product_4,31715,31715.0,1.0
2025-02-28,Ship_126,10402.0,Q1C,Product_6,10402,10402.0,1.0
2025-02-28,Ship_128,37539.0,Q2A,Product_8,75078,75078.0,1.0
2025-02-28,Ship_119,35000.0,Q1A,Product_2,51567,51567.0,1.0
2025-02-28,Ship_130,23000.0,Q2B,Product_10,38552,38552.0,1.0
2025-03-01,Ship_118,19283.0,Q1A,Product_1,42283,42283.0,1.0
2025-03-01,Ship_127,16308.0,Q2A,Product_7,32616,16308.0,0.5
2025-03-01,Ship_124,11000.0,Q1C,Product_5,12815,11000.0,0.8584
2025-03-02,Ship_129,10192.0,Q2B,Product_9,10192,10192.0,1.0
2025-03-02,Ship_120,2257.0,Q1B,Product_3,2257,2257.0,1.0
2025-03-02,Ship_124,1815.0,Q1C,Product_5,12815,12815.0,1.0
2025-03-02,Ship_127,16308.0,Q2A,Product_7,32616,32616.0,1.0
2025-03-03,Ship_141,2856.0,Q2A,Product_7,13856,2856.0,0.2061
2025-03-04,Ship_141,11000.0,Q2A,Product_7,13856,13856.0,1.0
2025-03-04,Ship_138,0.0,Q1C,Product_6,6269,0.0,0.0
2025-03-05,Ship_140,10934.0,Q2A,Product_7,20029,10934.0,0.5459
2025-03-05,Ship_132,21613.0,Q1A,Product_1,21613,21613.0,1.0
2025-03-05,Ship_138,6269.0,Q1C,Product_6,6269,6269.0,1.0
2025-03-05,Ship_143,7434.0,Q2B,Product_9,7434,7434.0,1.0
2025-03-06,Ship_145,35000.0,Q2B,Product_10,59197,35000.0,0.5912
2025-03-06,Ship_134,22459.0,Q1A,Product_2,44918,22459.0,0.5
2025-03-06,Ship_136,35000.0,Q1B,Product_4,57216,35000.0,0.6117
2025-03-06,Ship_142,33209.0,Q2A,Product_8,80209,33209.0,0.414
2025-03-07,Ship_145,24197.0,Q2B,Product_10,59197,59197.0,1.0
2025-03-07,Ship_134,22459.0,Q1A,Product_2,44918,44918.0,1.0
2025-03-07,Ship_137,23000.0,Q1C,Product_5,26355,23000.0,0.8727
2025-03-07,Ship_142,47000.0,Q2A,Product_8,80209,80209.0,1.0
2025-03-07,Ship_136,22216.0,Q1B,Product_4,57216,57216.0,1.0
2025-03-08,Ship_135,2383.0,Q1B,Product_3,2383,2383.0,1.0
2025-03-08,Ship_140,9095.0,Q2A,Product_7,20029,20029.0,1.0
2025-03-08,Ship_133,8434.0,Q1A,Product_1,16868,8434.0,0.5
2025-03-09,Ship_133,8434.0,Q1A,Product_1,16868,16868.0,1.0
2025-03-09,Ship_139,8455.0,Q1C,Product_6,8455,8455.0,1.0
2025-03-09,Ship_144,4168.0,Q2B,Product_9,4168,4168.0,1.0
2025-03-10,Ship_146,9543.0,Q1A,Product_1,25854,9543.0,0.3691
2025-03-11,Ship_161,10983.0,Q2B,Product_10,33983,10983.0,0.3232
2025-03-11,Ship_154,11000.0,Q1C,Product_5,15109,11000.0,0.728
2025-03-11,Ship_147,10317.0,Q1A,Product_1,18224,10317.0,0.5661
2025-03-12,Ship_154,4109.0,Q1C,Product_5,15109,15109.0,1.0
2025-03-12,Ship_161,23000.0,Q2B,Product_10,33983,33983.0,1.0
2025-03-12,Ship_148,4341.0,Q1A,Product_2,27341,4341.0,0.1588
2025-03-12,Ship_156,21511.0,Q2A,Product_7,21511,21511.0,1.0
2025-03-12,Ship_151,23000.0,Q1B,Product_4,25527,23000.0,0.901
2025-03-13,Ship_155,11000.0,Q1C,Product_6,17631,11000.0,0.6239
2025-03-13,Ship_151,2527.0,Q1B,Product_4,25527,25527.0,1.0
2025-03-13,Ship_158,47000.0,Q2A,Product_8,69289,47000.0,0.6783
2025-03-13,Ship_146,16311.0,Q1A,Product_1,25854,25854.0,1.0
2025-03-13,Ship_162,3881.0,Q2B,Product_10,26881,3881.0,0.1444
2025-03-14,Ship_162,23000.0,Q2B,Product_10,26881,26881.0,1.0
2025-03-14,Ship_158,22289.0,Q2A,Product_8,69289,69289.0,1.0
2025-03-14,Ship_150,2503.0,Q1B,Product_3,2503,2503.0,1.0
2025-03-14,Ship_155,6631.0,Q1C,Product_6,17631,17631.0,1.0
2025-03-14,Ship_147,7907.0,Q1A,Product_1,18224,18224.0,1.0
2025-03-15,Ship_157,1813.0,Q2A,Product_7,12813,1813.0,0.1415
2025-03-15,Ship_153,10534.0,Q1C,Product_5,10534,10534.0,1.0
2025-03-15,Ship_159,4249.0,Q2B,Product_9,4249,4249.0,1.0
2025-03-15,Ship_152,2996.0,Q1B,Product_4,25996,2996.0,0.1152
2025-03-15,Ship_148,23000.0,Q1A,Product_2,27341,27341.0,1.0
2025-03-16,Ship_152,23000.0,Q1B,Product_4,25996,25996.0,1.0
2025-03-16,Ship_157,11000.0,Q2A,Product_7,12813,12813.0,1.0
2025-03-16,Ship_160,6339.0,Q2B,Product_9,6339,6339.0,1.0
2025-03-16,Ship_149,23000.0,Q1A,Product_2,24928,23000.0,0.9227
2025-03-18,Ship_169,11000.0,Q1C,Product_5,15276,11000.0,0.7201
2025-03-18,Ship_163,724.0,Q1A,Product_1,23724,724.0,0.0305
2025-03-18,Ship_175,23000.0,Q2B,Product_10,31104,23000.0,0.7395
2025-03-19,Ship_170,9795.0,Q1C,Product_6,9795,9795.0,1.0
2025-03-19,Ship_163,23000.0,Q1A,Product_1,23724,23724.0,1.0
2025-03-19,Ship_175,8104.0,Q2B,Product_10,31104,31104.0,1.0
2025-03-20,Ship_165,16898.0,Q1A,Product_2,51898,16898.0,0.3256
2025-03-20,Ship_172,23000.0,Q2A,Product_7,32166,23000.0,0.715
2025-03-20,Ship_174,9554.0,Q2B,Product_9,10390,9554.0,0.9195
2025-03-20,Ship_169,4276.0,Q1C,Product_5,15276,15276.0,1.0
2025-03-21,Ship_168,11000.0,Q1C,Product_5,13097,11000.0,0.8399
2025-03-21,Ship_172,9166.0,Q2A,Product_7,32166,32166.0,1.0
2025-03-21,Ship_166,2363.0,Q1B,Product_3,2363,2363.0,1.0
2025-03-21,Ship_165,35000.0,Q1A,Product_2,51898,51898.0,1.0
2025-03-22,Ship_176,23000.0,Q2B,Product_10,33907,23000.0,0.6783
2025-03-22,Ship_167,27482.0,Q1B,Product_4,54964,27482.0,0.5
2025-03-22,Ship_164,5813.0,Q1A,Product_1,16813,5813.0,0.3457
2025-03-22,Ship_171,8773.0,Q1C,Product_6,8773,8773.0,1.0
2025-03-22,Ship_173,29222.0,Q2A,Product_8,76222,29222.0,0.3834
2025-03-23,Ship_164,11000.0,Q1A,Product_1,16813,16813.0,1.0
2025-03-23,Ship_173,47000.0,Q2A,Product_8,76222,76222.0,1.0
2025-03-23,Ship_167,27482.0,Q1B,Product_4,54964,54964.0,1.0
2025-03-23,Ship_176,10907.0,Q2B,Product_10,33907,33907.0,1.0
2025-03-25,Ship_185,10266.0,Q1C,Product_5,10266,10266.0,1.0
2025-03-25,Ship_189,12854.0,Q2A,Product_8,35854,12854.0,0.3585
2025-03-26,Ship_180,22045.0,Q1A,Product_2,22045,22045.0,1.0
2025-03-26,Ship_182,23000.0,Q1B,Product_4,25282,23000.0,0.9097
2025-03-26,Ship_189,23000.0,Q2A,Product_8,35854,35854.0,1.0
2025-03-26,Ship_192,7376.0,Q2B,Product_9,7376,7376.0,1.0
2025-03-27,Ship_182,2282.0,Q1B,Product_4,25282,25282.0,1.0
2025-03-27,Ship_186,10080.0,Q1C,Product_6,10080,10080.0,1.0
2025-03-27,Ship_178,23000.0,Q1A,Product_1,25496,23000.0,0.9021
2025-03-27,Ship_190,18535.0,Q2A,Product_8,41535,18535.0,0.4463
2025-03-28,Ship_181,2347.0,Q1B,Product_3,2347,2347.0,1.0
2025-03-28,Ship_193,35000.0,Q2B,Product_10,63873,35000.0,0.548
2025-03-28,Ship_177,7432.0,Q1A,Product_1,18432,7432.0,0.4032
2025-03-28,Ship_187,6479.0,Q1C,Product_6,6479,6479.0,1.0
2025-03-28,Ship_190,23000.0,Q2A,Product_8,41535,41535.0,1.0
2025-03-29,Ship_188,11167.0,Q2A,Product_7,34167,11167.0,0.3268
2025-03-29,Ship_193,28873.0,Q2B,Product_10,63873,63873.0,1.0
2025-03-29,Ship_177,11000.0,Q1A,Product_1,18432,18432.0,1.0
2025-03-29,Ship_183,23000.0,Q1B,Product_4,33676,23000.0,0.683
2025-03-29,Ship_184,4564.0,Q1C,Product_5,15564,4564.0,0.2932
2025-03-30,Ship_188,23000.0,Q2A,Product_7,34167,34167.0,1.0
2025-03-30,Ship_183,10676.0,Q1B,Product_4,33676,33676.0,1.0
2025-03-30,Ship_191,4046.0,Q2B,Product_9,4046,4046.0,1.0
2025-03-30,Ship_184,11000.0,Q1C,Product_5,15564,15564.0,1.0
2025-03-30,Ship_179,23000.0,Q1A,Product_2,30345,23000.0,0.758
2025-03-31,Ship_203,8054.0,Q2A,Product_7,15834,8054.0,0.5087
2025-03-31,Ship_195,7424.0,Q1A,Product_2,18424,7424.0,0.403
2025-04-01,Ship_195,11000.0,Q1A,Product_2,18424,18424.0,1.0
2025-04-01,Ship_199,2408.0,Q1C,Product_5,13408,2408.0,0.1796
2025-04-01,Ship_203,7780.0,Q2A,Product_7,15834,15834.0,1.0
2025-04-02,Ship_208,35000.0,Q2B,Product_10,67427,35000.0,0.5191
2025-04-02,Ship_199,11000.0,Q1C,Product_5,13408,13408.0,1.0
2025-04-03,Ship_205,47000.0,Q2A,Product_8,71474,47000.0,0.6576
2025-04-03,Ship_202,11000.0,Q1C,Product_6,11388,11000.0,0.9659
2025-04-03,Ship_196,19293.0,Q1A,Product_2,23439,19293.0,0.8231
2025-04-04,Ship_196,4146.0,Q1A,Product_2,23439,23439.0,1.0
2025-04-04,Ship_198,35000.0,Q1B,Product_4,64705,35000.0,0.5409
2025-04-04,Ship_208,32427.0,Q2B,Product_10,67427,67427.0,1.0
2025-04-04,Ship_205,24474.0,Q2A,Product_8,71474,71474.0,1.0
2025-04-04,Ship_200,11000.0,Q1C,Product_5,13130,11000.0,0.8378
2025-04-05,Ship_194,13113.0,Q1A,Product_1,36113,13113.0,0.3631
2025-04-05,Ship_200,2130.0,Q1C,Product_5,13130,13130.0,1.0
2025-04-05,Ship_206,3739.0,Q2B,Product_9,3739,3739.0,1.0
2025-04-05,Ship_198,29705.0,Q1B,Product_4,64705,64705.0,1.0
2025-04-06,Ship_201,6190.0,Q1C,Product_6,6190,6190.0,1.0
2025-04-06,Ship_207,6201.0,Q2B,Product_9,6201,6201.0,1.0
2025-04-06,Ship_197,2325.0,Q1B,Product_3,2325,2325.0,1.0
2025-04-06,Ship_204,21287.0,Q2A,Product_7,21287,21287.0,1.0
2025-04-06,Ship_194,23000.0,Q1A,Product_1,36113,36113.0,1.0
2025-04-08,Ship_216,7115.0,Q2A,Product_7,18115,7115.0,0.3928
2025-04-09,Ship_211,1463.0,Q1B,Product_3,2152,1463.0,0.6798
2025-04-09,Ship_216,11000.0,Q2A,Product_7,18115,18115.0,1.0
2025-04-10,Ship_212,23000.0,Q1B,Product_4,34070,23000.0,0.6751
2025-04-10,Ship_214,10847.78,Q1C,Product_5,23113,10847.78,0.4693
2025-04-10,Ship_210,17348.0,Q1A,Product_2,52348,17348.0,0.3314
2025-04-10,Ship_218,34485.5,Q2A,Product_8,68971,34485.5,0.5
2025-04-11,Ship_210,35000.0,Q1A,Product_2,52348,52348.0,1.0
2025-04-11,Ship_219,10336.0,Q2B,Product_9,10336,10336.0,1.0
2025-04-11,Ship_212,11070.0,Q1B,Product_4,34070,34070.0,1.0
2025-04-11,Ship_214,12265.22,Q1C,Product_5,23113,23113.0,1.0
2025-04-11,Ship_218,34485.5,Q2A,Product_8,68971,68971.0,1.0
2025-04-12,Ship_209,20169.5,Q1A,Product_1,40339,20169.5,0.5
2025-04-12,Ship_215,8517.0,Q1C,Product_6,17034,8517.0,0.5
2025-04-12,Ship_213,9203.0,Q1B,Product_4,20203,9203.0,0.4555
2025-04-12,Ship_220,28001.5,Q2B,Product_10,56003,28001.5,0.5
2025-04-13,Ship_217,22139.0,Q2A,Product_7,22139,22139.0,1.0
2025-04-13,Ship_215,8517.0,Q1C,Product_6,17034,17034.0,1.0
2025-04-13,Ship_209,20169.5,Q1A,Product_1,40339,40339.0,1.0
2025-04-13,Ship_213,11000.0,Q1B,Product_4,20203,20203.0,1.0
2025-04-13,Ship_220,28001.5,Q2B,Product_10,56003,56003.0,1.0
2025-04-15,Ship_231,3659.0,Q2A,Product_7,14659,3659.0,0.2496
2025-04-15,Ship_225,5064.0,Q1B,Product_4,28064,5064.0,0.1804
2025-04-16,Ship_231,11000.0,Q2A,Product_7,14659,14659.0,1.0
2025-04-16,Ship_225,23000.0,Q1B,Product_4,28064,28064.0,1.0
2025-04-16,Ship_236,13961.0,Q2B,Product_10,36961,13961.0,0.3777
2025-04-16,Ship_226,11000.0,Q1C,Product_5,12980,11000.0,0.8475
2025-04-17,Ship_236,23000.0,Q2B,Product_10,36961,36961.0,1.0
2025-04-17,Ship_232,25503.0,Q2A,Product_8,72503,25503.0,0.3518
2025-04-17,Ship_222,35000.0,Q1A,Product_2,49177,35000.0,0.7117
2025-04-17,Ship_224,17982.0,Q1B,Product_4,28350,17982.0,0.6343
2025-04-17,Ship_229,6984.0,Q1C,Product_6,6984,6984.0,1.0
2025-04-18,Ship_222,14177.0,Q1A,Product_2,49177,49177.0,1.0
2025-04-18,Ship_232,47000.0,Q2A,Product_8,72503,72503.0,1.0
2025-04-18,Ship_224,10368.0,Q1B,Product_4,28350,28350.0,1.0
2025-04-18,Ship_228,9981.0,Q1C,Product_6,9981,9981.0,1.0
2025-04-18,Ship_234,4168.0,Q2B,Product_9,4168,4168.0,1.0
2025-04-19,Ship_221,14916.0,Q1A,Product_1,37916,14916.0,0.3934
2025-04-19,Ship_235,23000.0,Q2B,Product_10,24066,23000.0,0.9557
2025-04-19,Ship_227,11000.0,Q1C,Product_5,11272,11000.0,0.9759
2025-04-19,Ship_230,11000.0,Q2A,Product_7,14274,11000.0,0.7706
2025-04-20,Ship_233,6205.0,Q2B,Product_9,6205,6205.0,1.0
2025-04-20,Ship_223,2664.0,Q1B,Product_3,2664,2664.0,1.0
2025-04-20,Ship_221,23000.0,Q1A,Product_1,37916,37916.0,1.0
2025-04-21,Ship_246,9810.0,Q2A,Product_7,14788,9810.0,0.6634
2025-04-22,Ship_246,4978.0,Q2A,Product_7,14788,14788.0,1.0
2025-04-22,Ship_251,23000.0,Q2B,Product_10,26312,23000.0,0.8741
2025-04-22,Ship_241,11000.0,Q1B,Product_4,20067,11000.0,0.5482
2025-04-22,Ship_238,11686.0,Q1A,Product_2,34686,11686.0,0.3369
2025-04-22,Ship_244,240.0,Q1C,Product_5,11240,240.0,0.0214
2025-04-23,Ship_241,9067.0,Q1B,Product_4,20067,20067.0,1.0
2025-04-23,Ship_251,3312.0,Q2B,Product_10,26312,26312.0,1.0
2025-04-23,Ship_244,11000.0,Q1C,Product_5,11240,11240.0,1.0
2025-04-23,Ship_238,23000.0,Q1A,Product_2,34686,34686.0,1.0
2025-04-24,Ship_248,47000.0,Q2A,Product_8,78868,47000.0,0.5959
2025-04-24,Ship_243,4316.0,Q1C,Product_5,15316,4316.0,0.2818
2025-04-24,Ship_242,6334.0,Q1B,Product_4,29334,6334.0,0.2159
2025-04-24,Ship_239,7786.0,Q1A,Product_2,18786,7786.0,0.4145
2025-04-25,Ship_242,23000.0,Q1B,Product_4,29334,29334.0,1.0
2025-04-25,Ship_239,11000.0,Q1A,Product_2,18786,18786.0,1.0
2025-04-25,Ship_248,31868.0,Q2A,Product_8,78868,78868.0,1.0
2025-04-25,Ship_249,10916.0,Q2B,Product_9,10916,10916.0,1.0
2025-04-25,Ship_243,11000.0,Q1C,Product_5,15316,15316.0,1.0
2025-04-26,Ship_250,14107.0,Q2B,Product_10,37107,14107.0,0.3802
2025-04-26,Ship_237,21797.0,Q1A,Product_1,43594,21797.0,0.5
2025-04-26,Ship_240,2651.0,Q1B,Product_3,2651,2651.0,1.0
2025-04-26,Ship_245,11000.0,Q1C,Product_6,14907,11000.0,0.7379
2025-04-26,Ship_247,264.0,Q2A,Product_7,23264,264.0,0.0113
2025-04-27,Ship_250,23000.0,Q2B,Product_10,37107,37107.0,1.0
2025-04-27,Ship_237,21797.0,Q1A,Product_1,43594,43594.0,1.0
2025-04-27,Ship_245,3907.0,Q1C,Product_6,14907,14907.0,1.0
2025-04-27,Ship_247,23000.0,Q2A,Product_7,23264,23264.0,1.0
2025-04-29,Ship_261,6175.0,Q2A,Product_7,17175,6175.0,0.3595
2025-04-29,Ship_253,13899.44,Q1A,Product_1,28618,13899.44,0.4857
2025-04-29,Ship_257,22301.0,Q1B,Product_4,22301,22301.0,1.0
2025-04-30,Ship_261,11000.0,Q2A,Product_7,17175,17175.0,1.0
2025-04-30,Ship_253,14718.56,Q1A,Product_1,28618,28618.0,1.0
2025-05-01,Ship_262,38442.0,Q2A,Product_8,76884,38442.0,0.5
2025-05-01,Ship_252,6135.0,Q1A,Product_1,17135,6135.0,0.358
2025-05-01,Ship_256,23000.0,Q1B,Product_4,38825,23000.0,0.5924
2025-05-02,Ship_262,38442.0,Q2A,Product_8,76884,76884.0,1.0
2025-05-02,Ship_264,30311.0,Q2B,Product_10,60622,30311.0,0.5
2025-05-02,Ship_258,22927.0,Q1C,Product_5,22927,22927.0,1.0
2025-05-02,Ship_252,11000.0,Q1A,Product_1,17135,17135.0,1.0
2025-05-02,Ship_256,15825.0,Q1B,Product_4,38825,38825.0,1.0
2025-05-03,Ship_260,8565.0,Q2A,Product_7,17130,8565.0,0.5
2025-05-03,Ship_264,30311.0,Q2B,Product_10,60622,60622.0,1.0
2025-05-03,Ship_254,25312.0,Q1A,Product_2,50624,25312.0,0.5
2025-05-03,Ship_259,11000.0,Q1C,Product_6,18166,11000.0,0.6055
2025-05-04,Ship_254,25312.0,Q1A,Product_2,50624,50624.0,1.0
2025-05-04,Ship_255,2603.0,Q1B,Product_3,2603,2603.0,1.0
2025-05-04,Ship_260,8565.0,Q2A,Product_7,17130,17130.0,1.0
2025-05-04,Ship_263,10298.0,Q2B,Product_9,10298,10298.0,1.0
2025-05-04,Ship_259,7166.0,Q1C,Product_6,18166,18166.0,1.0
2025-05-06,Ship_266,4238.0,Q1A,Product_1,15238,4238.0,0.2781
2025-05-07,Ship_266,11000.0,Q1A,Product_1,15238,15238.0,1.0
2025-05-07,Ship_274,8074.0,Q1C,Product_6,8074,8074.0,1.0
2025-05-07,Ship_268,1424.0,Q1B,Product_3,2268,1424.0,0.6279
2025-05-08,Ship_276,32975.0,Q2A,Product_8,65950,32975.0,0.5
2025-05-08,Ship_278,23962.0,Q2B,Product_10,70962,23962.0,0.3377
2025-05-08,Ship_269,23000.0,Q1B,Product_4,28677,23000.0,0.802
2025-05-08,Ship_271,11000.0,Q1C,Product_5,11705,11000.0,0.9398
2025-05-08,Ship_267,21315.0,Q1A,Product_2,44315,21315.0,0.481
2025-05-09,Ship_272,11000.0,Q1C,Product_5,11567,11000.0,0.951
2025-05-09,Ship_267,23000.0,Q1A,Product_2,44315,44315.0,1.0
2025-05-09,Ship_276,32975.0,Q2A,Product_8,65950,65950.0,1.0
2025-05-09,Ship_278,47000.0,Q2B,Product_10,70962,70962.0,1.0
2025-05-09,Ship_269,5677.0,Q1B,Product_4,28677,28677.0,1.0
2025-05-10,Ship_275,16610.0,Q2A,Product_7,33220,16610.0,0.5
2025-05-10,Ship_265,950.0,Q1A,Product_1,23950,950.0,0.0397
2025-05-10,Ship_271,705.0,Q1C,Product_5,11705,11705.0,1.0
2025-05-10,Ship_270,23000.0,Q1B,Product_4,30701,23000.0,0.7492
2025-05-11,Ship_275,16610.0,Q2A,Product_7,33220,33220.0,1.0
2025-05-11,Ship_273,8757.0,Q1C,Product_6,8757,8757.0,1.0
2025-05-11,Ship_265,23000.0,Q1A,Product_1,23950,23950.0,1.0
2025-05-11,Ship_277,9792.0,Q2B,Product_9,9792,9792.0,1.0
2025-05-11,Ship_270,7701.0,Q1B,Product_4,30701,30701.0,1.0
2025-05-12,Ship_291,8269.0,Q2A,Product_8,37951,8269.0,0.2179
2025-05-13,Ship_285,10678.0,Q1C,Product_5,10678,10678.0,1.0
2025-05-13,Ship_291,23000.0,Q2A,Product_8,37951,31269.0,0.8239
2025-05-14,Ship_281,22784.0,Q1A,Product_2,22784,22784.0,1.0
2025-05-14,Ship_288,11000.0,Q2A,Product_7,14312,11000.0,0.7686
2025-05-14,Ship_292,5142.0,Q2B,Product_9,5142,5142.0,1.0
2025-05-15,Ship_286,10642.0,Q1C,Product_6,10642,10642.0,1.0
2025-05-15,Ship_289,9622.0,Q2A,Product_7,20622,9622.0,0.4666
2025-05-15,Ship_279,12094.0,Q1A,Product_1,47094,12094.0,0.2568
2025-05-16,Ship_293,4761.0,Q2B,Product_9,4761,4761.0,1.0
2025-05-16,Ship_279,35000.0,Q1A,Product_1,47094,47094.0,1.0
2025-05-16,Ship_289,11000.0,Q2A,Product_7,20622,20622.0,1.0
2025-05-16,Ship_284,11000.0,Q1C,Product_5,16174,11000.0,0.6801
2025-05-16,Ship_283,26341.5,Q1B,Product_4,52683,26341.5,0.5
2025-05-17,Ship_280,9962.0,Q1A,Product_2,20962,9962.0,0.4752
2025-05-17,Ship_284,5174.0,Q1C,Product_5,16174,16174.0,1.0
2025-05-17,Ship_294,35867.0,Q2B,Product_10,71734,35867.0,0.5
2025-05-17,Ship_290,23000.0,Q2A,Product_8,37845,23000.0,0.6077
2025-05-17,Ship_283,26341.5,Q1B,Product_4,52683,52683.0,1.0
2025-05-18,Ship_287,7600.0,Q1C,Product_6,7600,7600.0,1.0
2025-05-18,Ship_290,14845.0,Q2A,Product_8,37845,37845.0,1.0
2025-05-18,Ship_294,35867.0,Q2B,Product_10,71734,71734.0,1.0
2025-05-18,Ship_282,2279.0,Q1B,Product_3,2279,2279.0,1.0
2025-05-18,Ship_280,11000.0,Q1A,Product_2,20962,20962.0,1.0
2025-05-20,Ship_304,8836.0,Q2A,Product_7,17672,8836.0,0.5
2025-05-20,Ship_297,19946.0,Q1A,Product_2,47699,19946.0,0.4182
2025-05-21,Ship_301,7200.0,Q1C,Product_6,7200,7200.0,1.0
2025-05-21,Ship_304,8836.0,Q2A,Product_7,17672,17672.0,1.0
2025-05-21,Ship_308,17873.42,Q2B,Product_10,64531,17873.42,0.277
2025-05-21,Ship_295,23000.0,Q1A,Product_1,26566,23000.0,0.8658
2025-05-22,Ship_299,26508.0,Q1B,Product_4,61508,26508.0,0.431
2025-05-22,Ship_308,29531.0,Q2B,Product_10,64531,47404.42,0.7346
2025-05-22,Ship_295,3566.0,Q1A,Product_1,26566,26566.0,1.0
2025-05-22,Ship_300,13546.0,Q1C,Product_5,27092,13546.0,0.5
2025-05-22,Ship_305,27864.0,Q2A,Product_8,74864,27864.0,0.3722
2025-05-23,Ship_305,47000.0,Q2A,Product_8,74864,74864.0,1.0
2025-05-23,Ship_299,35000.0,Q1B,Product_4,61508,61508.0,1.0
2025-05-23,Ship_300,13546.0,Q1C,Product_5,27092,27092.0,1.0
2025-05-23,Ship_308,17126.58,Q2B,Product_10,64531,64531.0,1.0
2025-05-23,Ship_297,27753.0,Q1A,Product_2,47699,47699.0,1.0
2025-05-24,Ship_302,6133.5,Q1C,Product_6,12267,6133.5,0.5
2025-05-24,Ship_306,6636.0,Q2B,Product_9,6636,6636.0,1.0
2025-05-24,Ship_298,2051.0,Q1B,Product_3,2051,2051.0,1.0
2025-05-24,Ship_303,10389.5,Q2A,Product_7,20779,10389.5,0.5
2025-05-24,Ship_296,3568.0,Q1A,Product_1,14568,3568.0,0.2449
2025-05-25,Ship_307,4008.0,Q2B,Product_9,4008,4008.0,1.0
2025-05-25,Ship_302,6133.5,Q1C,Product_6,12267,12267.0,1.0
2025-05-25,Ship_303,10389.5,Q2A,Product_7,20779,20779.0,1.0
2025-05-25,Ship_296,11000.0,Q1A,Product_1,14568,14568.0,1.0
2025-05-26,Ship_320,16857.0,Q2A,Product_8,41074,16857.0,0.4104
2025-05-27,Ship_322,4016.0,Q2B,Product_9,4694,4016.0,0.8556
2025-05-27,Ship_318,7049.0,Q2A,Product_7,18049,7049.0,0.3905
2025-05-28,Ship_310,11000.0,Q1A,Product_1,16484,11000.0,0.6673
2025-05-28,Ship_320,23000.0,Q2A,Product_8,41074,39857.0,0.9704
2025-05-28,Ship_324,23000.0,Q2B,Product_10,42424,23000.0,0.5421
2025-05-29,Ship_310,5484.0,Q1A,Product_1,16484,16484.0,1.0
2025-05-29,Ship_318,11000.0,Q2A,Product_7,18049,18049.0,1.0
2025-05-29,Ship_324,19424.0,Q2B,Product_10,42424,42424.0,1.0
2025-05-29,Ship_315,8411.0,Q1C,Product_6,8411,8411.0,1.0
2025-05-30,Ship_313,25831.48,Q1B,Product_4,51012,25831.48,0.5064
2025-05-30,Ship_314,12907.5,Q1C,Product_5,25815,12907.5,0.5
2025-05-30,Ship_319,23000.0,Q2A,Product_8,24683,23000.0,0.9318
2025-05-30,Ship_309,22690.0,Q1A,Product_1,22690,22690.0,1.0
2025-05-30,Ship_323,2378.0,Q2B,Product_10,25378,2378.0,0.0937
2025-05-31,Ship_311,16680.0,Q1A,Product_2,51680,16680.0,0.3228
2025-05-31,Ship_313,25180.52,Q1B,Product_4,51012,51012.0,1.0
2025-05-31,Ship_314,12907.5,Q1C,Product_5,25815,25815.0,1.0
2025-05-31,Ship_317,11000.0,Q2A,Product_7,13084,11000.0,0.8407
2025-05-31,Ship_323,23000.0,Q2B,Product_10,25378,25378.0,1.0
2025-06-01,Ship_311,35000.0,Q1A,Product_2,51680,51680.0,1.0
2025-06-01,Ship_321,5419.0,Q2B,Product_9,5419,5419.0,1.0
2025-06-01,Ship_312,2265.0,Q1B,Product_3,2265,2265.0,1.0
2025-06-01,Ship_316,9504.0,Q1C,Product_6,9504,9504.0,1.0
2025-06-02,Ship_334,8936.0,Q2A,Product_7,20413,8936.0,0.4378
2025-06-03,Ship_328,2864.0,Q1B,Product_4,25864,2864.0,0.1107
2025-06-03,Ship_334,7517.0,Q2A,Product_7,20413,16453.0,0.806
2025-06-04,Ship_326,5938.0,Q1A,Product_1,16938,5938.0,0.3506
2025-06-04,Ship_333,8566.0,Q2A,Product_7,16504,8566.0,0.519
2025-06-04,Ship_328,23000.0,Q1B,Product_4,25864,25864.0,1.0
2025-06-04,Ship_337,20124.0,Q2B,Product_10,43124,20124.0,0.4667
2025-06-05,Ship_333,7938.0,Q2A,Product_7,16504,16504.0,1.0
2025-06-05,Ship_326,11000.0,Q1A,Product_1,16938,16938.0,1.0
2025-06-05,Ship_337,23000.0,Q2B,Product_10,43124,43124.0,1.0
2025-06-05,Ship_331,9146.0,Q1C,Product_6,9146,9146.0,1.0
2025-06-06,Ship_327,24870.0,Q1A,Product_2,49740,24870.0,0.5
2025-06-06,Ship_332,7419.0,Q1C,Product_6,7419,7419.0,1.0
2025-06-06,Ship_338,11841.5,Q2B,Product_10,23683,11841.5,0.5
2025-06-07,Ship_327,24870.0,Q1A,Product_2,49740,49740.0,1.0
2025-06-07,Ship_330,2653.0,Q1C,Product_5,25653,2653.0,0.1034
2025-06-07,Ship_329,8363.0,Q1B,Product_4,31363,8363.0,0.2667
2025-06-07,Ship_338,11841.5,Q2B,Product_10,23683,23683.0,1.0
2025-06-07,Ship_335,35000.0,Q2A,Product_8,66406,35000.0,0.5271
2025-06-08,Ship_335,31406.0,Q2A,Product_8,66406,66406.0,1.0
2025-06-08,Ship_329,23000.0,Q1B,Product_4,31363,31363.0,1.0
2025-06-08,Ship_325,21292.0,Q1A,Product_1,21292,21292.0,1.0
2025-06-08,Ship_330,23000.0,Q1C,Product_5,25653,25653.0,1.0
2025-06-08,Ship_336,9411.0,Q2B,Product_9,9411,9411.0,1.0
2025-06-09,Ship_347,4851.0,Q2A,Product_7,17411,4851.0,0.2786
2025-06-10,Ship_348,10531.0,Q2A,Product_8,33531,10531.0,0.3141
2025-06-11,Ship_341,23000.0,Q1A,Product_2,43786,23000.0,0.5253
2025-06-11,Ship_348,23000.0,Q2A,Product_8,33531,33531.0,1.0
2025-06-12,Ship_347,11000.0,Q2A,Product_7,17411,15851.0,0.9104
2025-06-12,Ship_339,22822.0,Q1A,Product_1,22822,22822.0,1.0
2025-06-12,Ship_345,9247.5,Q1C,Product_6,18495,9247.5,0.5
2025-06-13,Ship_341,20786.0,Q1A,Product_2,43786,43786.0,1.0
2025-06-13,Ship_351,23540.0,Q2B,Product_10,70540,23540.0,0.3337
2025-06-13,Ship_342,2300.0,Q1B,Product_3,2300,2300.0,1.0
2025-06-13,Ship_345,9247.5,Q1C,Product_6,18495,18495.0,1.0
2025-06-13,Ship_346,11000.0,Q2A,Product_7,15532,11000.0,0.7082
2025-06-14,Ship_343,28637.0,Q1B,Product_4,57274,28637.0,0.5
2025-06-14,Ship_351,47000.0,Q2B,Product_10,70540,70540.0,1.0
2025-06-14,Ship_349,23000.0,Q2A,Product_8,36943,23000.0,0.6226
2025-06-14,Ship_344,12963.0,Q1C,Product_5,25926,12963.0,0.5
2025-06-14,Ship_340,11000.0,Q1A,Product_1,16016,11000.0,0.6868
2025-06-15,Ship_343,28637.0,Q1B,Product_4,57274,57274.0,1.0
2025-06-15,Ship_349,13943.0,Q2A,Product_8,36943,36943.0,1.0
2025-06-15,Ship_344,12963.0,Q1C,Product_5,25926,25926.0,1.0
2025-06-15,Ship_350,10167.0,Q2B,Product_9,10167,10167.0,1.0
2025-06-15,Ship_340,5016.0,Q1A,Product_1,16016,16016.0,1.0
2025-06-16,Ship_362,15028.0,Q2A,Product_8,29337,15028.0,0.5123
2025-06-17,Ship_362,14309.0,Q2A,Product_8,29337,29337.0,1.0
2025-06-17,Ship_357,1547.0,Q1C,Product_5,12547,1547.0,0.1233
2025-06-18,Ship_357,11000.0,Q1C,Product_5,12547,12547.0,1.0
2025-06-18,Ship_355,27273.5,Q1B,Product_4,61668,27273.5,0.4423
2025-06-18,Ship_360,21214.0,Q2A,Product_7,21214,21214.0,1.0
2025-06-18,Ship_365,11426.0,Q2B,Product_10,34426,11426.0,0.3319
2025-06-19,Ship_358,11000.0,Q1C,Product_6,17821,11000.0,0.6172
2025-06-19,Ship_353,20388.0,Q1A,Product_2,40776,20388.0,0.5
2025-06-19,Ship_355,27273.5,Q1B,Product_4,61668,54547.0,0.8845
2025-06-19,Ship_365,23000.0,Q2B,Product_10,34426,34426.0,1.0
2025-06-19,Ship_361,11757.0,Q2A,Product_8,34757,11757.0,0.3383
2025-06-20,Ship_364,1293.0,Q2B,Product_10,24293,1293.0,0.0532
2025-06-20,Ship_353,20388.0,Q1A,Product_2,40776,40776.0,1.0
2025-06-20,Ship_354,2501.0,Q1B,Product_3,2501,2501.0,1.0
2025-06-20,Ship_358,6821.0,Q1C,Product_6,17821,17821.0,1.0
2025-06-20,Ship_361,23000.0,Q2A,Product_8,34757,34757.0,1.0
2025-06-21,Ship_352,14138.0,Q1A,Product_1,37138,14138.0,0.3807
2025-06-21,Ship_359,11000.0,Q2A,Product_7,15405,11000.0,0.7141
2025-06-21,Ship_364,23000.0,Q2B,Product_10,24293,24293.0,1.0
2025-06-21,Ship_356,11000.0,Q1C,Product_5,12484,11000.0,0.8811
2025-06-22,Ship_356,1484.0,Q1C,Product_5,12484,12484.0,1.0
2025-06-22,Ship_352,23000.0,Q1A,Product_1,37138,37138.0,1.0
2025-06-22,Ship_359,4405.0,Q2A,Product_7,15405,15405.0,1.0
2025-06-22,Ship_363,10680.0,Q2B,Product_9,10680,10680.0,1.0
2025-06-23,Ship_376,7893.0,Q2A,Product_7,11628,7893.0,0.6788
2025-06-24,Ship_376,3735.0,Q2A,Product_7,11628,11628.0,1.0
2025-06-24,Ship_367,4545.0,Q1A,Product_2,27545,4545.0,0.165
2025-06-24,Ship_372,4284.0,Q1C,Product_5,8568,4284.0,0.5
2025-06-25,Ship_372,4284.0,Q1C,Product_5,8568,8568.0,1.0
2025-06-25,Ship_377,26011.0,Q2A,Product_8,73011,26011.0,0.3563
2025-06-25,Ship_367,23000.0,Q1A,Product_2,27545,27545.0,1.0
2025-06-26,Ship_375,11000.0,Q2A,Product_7,20535,11000.0,0.5357
2025-06-26,Ship_374,8653.0,Q1C,Product_6,8653,8653.0,1.0
2025-06-26,Ship_366,23000.0,Q1A,Product_1,40499,23000.0,0.5679
2025-06-27,Ship_375,9535.0,Q2A,Product_7,20535,20535.0,1.0
2025-06-27,Ship_369,2160.0,Q1B,Product_3,2160,2160.0,1.0
2025-06-27,Ship_366,17499.0,Q1A,Product_1,40499,40499.0,1.0
2025-06-27,Ship_378,10086.0,Q2B,Product_9,10086,10086.0,1.0
2025-06-28,Ship_379,32886.0,Q2B,Product_10,65772,32886.0,0.5
2025-06-28,Ship_371,11000.0,Q1C,Product_5,13510,11000.0,0.8142
2025-06-28,Ship_368,7974.0,Q1A,Product_2,18974,7974.0,0.4203
2025-06-28,Ship_377,47000.0,Q2A,Product_8,73011,73011.0,1.0
2025-06-28,Ship_370,35000.0,Q1B,Product_4,56164,35000.0,0.6232
2025-06-29,Ship_370,21164.0,Q1B,Product_4,56164,56164.0,1.0
2025-06-29,Ship_368,11000.0,Q1A,Product_2,18974,18974.0,1.0
2025-06-29,Ship_373,8749.0,Q1C,Product_6,8749,8749.0,1.0
2025-06-29,Ship_379,32886.0,Q2B,Product_10,65772,65772.0,1.0
2025-06-30,Ship_383,6573.0,Q1A,Product_2,29573,6573.0,0.2223
2025-07-01,Ship_380,4566.0,Q1A,Product_1,15566,4566.0,0.2933
2025-07-02,Ship_380,11000.0,Q1A,Product_1,15566,15566.0,1.0
2025-07-03,Ship_383,23000.0,Q1A,Product_2,29573,29573.0,1.0
2025-07-03,Ship_388,23000.0,Q2A,Product_7,31414,23000.0,0.7322
2025-07-03,Ship_387,7333.0,Q1C,Product_6,18333,7333.0,0.4
2025-07-04,Ship_384,2322.0,Q1B,Product_3,2322,2322.0,1.0
2025-07-04,Ship_388,8414.0,Q2A,Product_7,31414,31414.0,1.0
2025-07-04,Ship_391,29834.5,Q2B,Product_10,59669,29834.5,0.5
2025-07-04,Ship_387,11000.0,Q1C,Product_6,18333,18333.0,1.0
2025-07-04,Ship_381,23000.0,Q1A,Product_1,23583,23000.0,0.9753
2025-07-05,Ship_391,29834.5,Q2B,Product_10,59669,59669.0,1.0
2025-07-05,Ship_385,35000.0,Q1B,Product_4,47703,35000.0,0.7337
2025-07-05,Ship_389,35000.0,Q2A,Product_8,67714,35000.0,0.5169
2025-07-05,Ship_382,9335.0,Q1A,Product_2,20335,9335.0,0.4591
2025-07-06,Ship_390,9393.0,Q2B,Product_9,9393,9393.0,1.0
2025-07-06,Ship_389,32714.0,Q2A,Product_8,67714,67714.0,1.0
2025-07-06,Ship_382,11000.0,Q1A,Product_2,20335,20335.0,1.0
2025-07-06,Ship_386,23000.0,Q1C,Product_5,23020,23000.0,0.9991
2025-07-06,Ship_385,12703.0,Q1B,Product_4,47703,47703.0,1.0
2025-07-07,Ship_401,5876.0,Q2A,Product_7,10836,5876.0,0.5423
2025-07-08,Ship_400,8065.0,Q2A,Product_7,19065,8065.0,0.423
2025-07-08,Ship_393,8017.0,Q1A,Product_1,19017,8017.0,0.4216
2025-07-09,Ship_398,10783.0,Q1C,Product_5,10783,10783.0,1.0
2025-07-09,Ship_392,11000.0,Q1A,Product_1,18368,11000.0,0.5989
2025-07-09,Ship_402,35000.0,Q2A,Product_8,66824,35000.0,0.5238
2025-07-10,Ship_400,11000.0,Q2A,Product_7,19065,19065.0,1.0
2025-07-10,Ship_393,11000.0,Q1A,Product_1,19017,19017.0,1.0
2025-07-10,Ship_396,20120.0,Q1B,Product_4,55120,20120.0,0.365
2025-07-10,Ship_404,5115.0,Q2B,Product_9,5115,5115.0,1.0
2025-07-10,Ship_399,5892.0,Q1C,Product_6,16892,5892.0,0.3488
2025-07-11,Ship_399,11000.0,Q1C,Product_6,16892,16892.0,1.0
2025-07-11,Ship_392,7368.0,Q1A,Product_1,18368,18368.0,1.0
2025-07-11,Ship_402,31824.0,Q2A,Product_8,66824,66824.0,1.0
2025-07-11,Ship_396,35000.0,Q1B,Product_4,55120,55120.0,1.0
2025-07-11,Ship_405,35000.0,Q2B,Product_10,62070,35000.0,0.5639
2025-07-12,Ship_394,19140.0,Q1A,Product_2,42140,19140.0,0.4542
2025-07-12,Ship_405,27070.0,Q2B,Product_10,62070,62070.0,1.0
2025-07-13,Ship_394,23000.0,Q1A,Product_2,42140,42140.0,1.0
2025-07-13,Ship_397,10533.0,Q1C,Product_5,10533,10533.0,1.0
2025-07-13,Ship_403,4532.0,Q2B,Product_9,4532,4532.0,1.0
2025-07-13,Ship_395,2250.0,Q1B,Product_3,2250,2250.0,1.0
2025-07-14,Ship_407,6646.0,Q1A,Product_1,17646,6646.0,0.3766
2025-07-15,Ship_407,11000.0,Q1A,Product_1,17646,17646.0,1.0
2025-07-15,Ship_411,13832.8,Q1B,Product_4,28419,13832.8,0.4867
2025-07-15,Ship_415,5314.0,Q1C,Product_6,5314,5314.0,1.0
2025-07-15,Ship_418,13035.0,Q2A,Product_8,36035,13035.0,0.3617
2025-07-16,Ship_411,14586.2,Q1B,Product_4,28419,28419.0,1.0
2025-07-16,Ship_418,23000.0,Q2A,Product_8,36035,36035.0,1.0
2025-07-16,Ship_407,0.0,Q1A,Product_1,17646,17646.0,1.0
2025-07-17,Ship_412,4133.0,Q1C,Product_5,15133,4133.0,0.2731
2025-07-17,Ship_417,11000.0,Q2A,Product_7,12558,11000.0,0.8759
2025-07-17,Ship_409,2195.0,Q1B,Product_3,2451,2195.0,0.8956
2025-07-17,Ship_406,11000.0,Q1A,Product_1,19752,11000.0,0.5569
2025-07-18,Ship_421,29968.0,Q2B,Product_10,59936,29968.0,0.5
2025-07-18,Ship_416,11000.0,Q2A,Product_7,14194,11000.0,0.775
2025-07-18,Ship_412,11000.0,Q1C,Product_5,15133,15133.0,1.0
2025-07-18,Ship_408,35000.0,Q1A,Product_2,45974,35000.0,0.7613
2025-07-19,Ship_413,10482.0,Q1C,Product_5,10482,10482.0,1.0
2025-07-19,Ship_410,9550.5,Q1B,Product_4,19101,9550.5,0.5
2025-07-19,Ship_408,10974.0,Q1A,Product_2,45974,45974.0,1.0
2025-07-19,Ship_419,11292.0,Q2A,Product_8,34292,11292.0,0.3293
2025-07-19,Ship_421,29968.0,Q2B,Product_10,59936,59936.0,1.0
2025-07-20,Ship_410,9550.5,Q1B,Product_4,19101,19101.0,1.0
2025-07-20,Ship_419,23000.0,Q2A,Product_8,34292,34292.0,1.0
2025-07-20,Ship_420,9727.0,Q2B,Product_9,9727,9727.0,1.0
2025-07-20,Ship_406,8752.0,Q1A,Product_1,19752,19752.0,1.0
2025-07-20,Ship_414,9383.0,Q1C,Product_6,9383,9383.0,1.0
2025-07-22,Ship_424,11000.0,Q1A,Product_2,18768,11000.0,0.5861
2025-07-22,Ship_434,3991.0,Q2B,Product_9,4773,3991.0,0.8362
2025-07-22,Ship_430,11000.0,Q2A,Product_7,14927,11000.0,0.7369
2025-07-23,Ship_437,2804.0,Q2B,Product_10,25804,2804.0,0.1087
2025-07-23,Ship_432,23000.0,Q2A,Product_8,27577,23000.0,0.834
2025-07-23,Ship_424,7768.0,Q1A,Product_2,18768,18768.0,1.0
2025-07-23,Ship_427,987.0,Q1C,Product_5,11987,987.0,0.0823
2025-07-24,Ship_426,23646.0,Q1B,Product_4,47292,23646.0,0.5
2025-07-24,Ship_432,4577.0,Q2A,Product_8,27577,27577.0,1.0
2025-07-24,Ship_437,23000.0,Q2B,Product_10,25804,25804.0,1.0
2025-07-24,Ship_427,11000.0,Q1C,Product_5,11987,11987.0,1.0
2025-07-24,Ship_423,12865.5,Q1A,Product_2,25731,12865.5,0.5
2025-07-25,Ship_431,11000.0,Q2A,Product_7,15288,11000.0,0.7195
2025-07-25,Ship_423,12865.5,Q1A,Product_2,25731,25731.0,1.0
2025-07-25,Ship_426,23646.0,Q1B,Product_4,47292,47292.0,1.0
2025-07-25,Ship_435,4609.0,Q2B,Product_9,4609,4609.0,1.0
2025-07-25,Ship_429,11000.0,Q1C,Product_6,16862,11000.0,0.6524
2025-07-26,Ship_436,11305.0,Q2B,Product_10,34305,11305.0,0.3295
2025-07-26,Ship_433,10196.0,Q2A,Product_8,33196,10196.0,0.3071
2025-07-26,Ship_422,17035.0,Q1A,Product_1,34070,17035.0,0.5
2025-07-26,Ship_429,5862.0,Q1C,Product_6,16862,16862.0,1.0
2025-07-27,Ship_433,23000.0,Q2A,Product_8,33196,33196.0,1.0
2025-07-27,Ship_422,17035.0,Q1A,Product_1,34070,34070.0,1.0
2025-07-27,Ship_428,9878.0,Q1C,Product_5,9878,9878.0,1.0
2025-07-27,Ship_425,2367.0,Q1B,Product_3,2367,2367.0,1.0
2025-07-27,Ship_436,23000.0,Q2B,Product_10,34305,34305.0,1.0
2025-07-29,Ship_443,19955.0,Q1B,Product_4,48938,19955.0,0.4078
2025-07-29,Ship_447,4814.0,Q2A,Product_7,15814,4814.0,0.3044
2025-07-29,Ship_439,11000.0,Q1A,Product_1,18163,11000.0,0.6056
2025-07-30,Ship_442,1453.0,Q1B,Product_3,2070,1453.0,0.7019
2025-07-30,Ship_445,6994.5,Q1C,Product_5,13989,6994.5,0.5
2025-07-30,Ship_447,11000.0,Q2A,Product_7,15814,15814.0,1.0
2025-07-30,Ship_439,7163.0,Q1A,Product_1,18163,18163.0,1.0
2025-07-31,Ship_443,22683.0,Q1B,Product_4,48938,42638.0,0.8713
2025-07-31,Ship_451,4757.0,Q2B,Product_9,4757,4757.0,1.0
2025-07-31,Ship_445,6994.5,Q1C,Product_5,13989,13989.0,1.0
2025-07-31,Ship_440,11000.0,Q1A,Product_2,13287,11000.0,0.8279
2025-08-01,Ship_438,21007.0,Q1A,Product_1,21007,21007.0,1.0
2025-08-01,Ship_452,35000.0,Q2B,Product_10,61205,35000.0,0.5718
2025-08-01,Ship_446,11000.0,Q1C,Product_6,16781,11000.0,0.6555
2025-08-01,Ship_449,32529.0,Q2A,Product_8,67529,32529.0,0.4817
2025-08-02,Ship_441,23000.0,Q1A,Product_2,24073,23000.0,0.9554
2025-08-02,Ship_452,26205.0,Q2B,Product_10,61205,61205.0,1.0
2025-08-02,Ship_446,5781.0,Q1C,Product_6,16781,16781.0,1.0
2025-08-02,Ship_449,35000.0,Q2A,Product_8,67529,67529.0,1.0
2025-08-03,Ship_448,10072.0,Q2A,Product_7,10072,10072.0,1.0
2025-08-03,Ship_444,7878.0,Q1C,Product_5,7878,7878.0,1.0
2025-08-03,Ship_450,4390.0,Q2B,Product_9,4390,4390.0,1.0
2025-08-04,Ship_463,15388.0,Q2A,Product_8,32567,15388.0,0.4725
2025-08-05,Ship_462,11000.0,Q2A,Product_7,11656,11000.0,0.9437
2025-08-06,Ship_456,9560.5,Q1B,Product_4,19121,9560.5,0.5
2025-08-06,Ship_463,17179.0,Q2A,Product_8,32567,32567.0,1.0
2025-08-07,Ship_464,12447.0,Q2A,Product_8,35447,12447.0,0.3511
2025-08-07,Ship_454,23000.0,Q1A,Product_2,40869,23000.0,0.5628
2025-08-07,Ship_456,9560.5,Q1B,Product_4,19121,19121.0,1.0
2025-08-08,Ship_465,9458.0,Q2B,Product_9,9458,9458.0,1.0
2025-08-08,Ship_454,17869.0,Q1A,Product_2,40869,40869.0,1.0
2025-08-08,Ship_458,21837.0,Q1C,Product_5,21837,21837.0,1.0
2025-08-08,Ship_455,2152.0,Q1B,Product_3,2152,2152.0,1.0
2025-08-08,Ship_464,23000.0,Q2A,Product_8,35447,35447.0,1.0
2025-08-09,Ship_461,7262.0,Q2A,Product_7,18262,7262.0,0.3977
2025-08-09,Ship_466,28470.5,Q2B,Product_10,56941,28470.5,0.5
2025-08-09,Ship_457,15519.0,Q1B,Product_4,31038,15519.0,0.5
2025-08-09,Ship_453,14064.0,Q1A,Product_1,37064,14064.0,0.3795
2025-08-09,Ship_459,6239.0,Q1C,Product_6,6239,6239.0,1.0
2025-08-10,Ship_460,10071.0,Q1C,Product_6,10071,10071.0,1.0
2025-08-10,Ship_457,15519.0,Q1B,Product_4,31038,31038.0,1.0
2025-08-10,Ship_453,23000.0,Q1A,Product_1,37064,37064.0,1.0
2025-08-10,Ship_466,28470.5,Q2B,Product_10,56941,56941.0,1.0
2025-08-10,Ship_461,11000.0,Q2A,Product_7,18262,18262.0,1.0
2025-08-12,Ship_474,7254.0,Q1C,Product_5,7254,7254.0,1.0
2025-08-12,Ship_468,4008.0,Q1A,Product_1,15008,4008.0,0.2671
2025-08-12,Ship_481,10930.0,Q2B,Product_10,33930,10930.0,0.3221
2025-08-12,Ship_471,5692.0,Q1B,Product_4,28692,5692.0,0.1984
2025-08-12,Ship_478,13457.0,Q2A,Product_8,36457,13457.0,0.3691
2025-08-13,Ship_468,11000.0,Q1A,Product_1,15008,15008.0,1.0
2025-08-13,Ship_481,23000.0,Q2B,Product_10,33930,33930.0,1.0
2025-08-13,Ship_471,23000.0,Q1B,Product_4,28692,28692.0,1.0
2025-08-13,Ship_478,23000.0,Q2A,Product_8,36457,36457.0,1.0
2025-08-14,Ship_473,11000.0,Q1C,Product_5,13427,11000.0,0.8192
2025-08-14,Ship_476,11000.0,Q2A,Product_7,15124,11000.0,0.7273
2025-08-14,Ship_469,15068.0,Q1A,Product_2,38068,15068.0,0.3958
2025-08-15,Ship_470,2202.0,Q1B,Product_3,2202,2202.0,1.0
2025-08-15,Ship_480,9490.0,Q2B,Product_9,9490,9490.0,1.0
2025-08-15,Ship_477,11000.0,Q2A,Product_7,11667,11000.0,0.9428
2025-08-15,Ship_469,23000.0,Q1A,Product_2,38068,38068.0,1.0
2025-08-15,Ship_473,2427.0,Q1C,Product_5,13427,13427.0,1.0
2025-08-16,Ship_482,23000.0,Q2B,Product_10,23536,23000.0,0.9772
2025-08-16,Ship_479,23000.0,Q2A,Product_8,28076,23000.0,0.8192
2025-08-16,Ship_472,11000.0,Q1B,Product_4,17364,11000.0,0.6335
2025-08-16,Ship_475,8435.5,Q1C,Product_6,16871,8435.5,0.5
2025-08-16,Ship_467,9198.5,Q1A,Product_1,18397,9198.5,0.5
2025-08-17,Ship_482,536.0,Q2B,Product_10,23536,23536.0,1.0
2025-08-17,Ship_479,5076.0,Q2A,Product_8,28076,28076.0,1.0
2025-08-17,Ship_472,6364.0,Q1B,Product_4,17364,17364.0,1.0
2025-08-17,Ship_475,8435.5,Q1C,Product_6,16871,16871.0,1.0
2025-08-17,Ship_467,9198.5,Q1A,Product_1,18397,18397.0,1.0
2025-08-19,Ship_488,1408.0,Q1C,Product_5,12408,1408.0,0.1135
2025-08-19,Ship_495,7348.0,Q2B,Product_10,18348,7348.0,0.4005
2025-08-19,Ship_491,18959.0,Q2A,Product_8,41959,18959.0,0.4518
2025-08-20,Ship_491,23000.0,Q2A,Product_8,41959,41959.0,1.0
2025-08-20,Ship_495,11000.0,Q2B,Product_10,18348,18348.0,1.0
2025-08-20,Ship_488,11000.0,Q1C,Product_5,12408,12408.0,1.0
2025-08-21,Ship_484,23000.0,Q1A,Product_2,41495,23000.0,0.5543
2025-08-21,Ship_489,11000.0,Q1C,Product_6,15406,11000.0,0.714
2025-08-21,Ship_492,13782.0,Q2A,Product_8,23594,13782.0,0.5841
2025-08-21,Ship_486,21673.0,Q1B,Product_4,21673,21673.0,1.0
2025-08-22,Ship_484,18495.0,Q1A,Product_2,41495,41495.0,1.0
2025-08-22,Ship_493,8505.0,Q2B,Product_9,8505,8505.0,1.0
2025-08-22,Ship_489,4406.0,Q1C,Product_6,15406,15406.0,1.0
2025-08-22,Ship_492,9812.0,Q2A,Product_8,23594,23594.0,1.0
2025-08-23,Ship_494,16093.5,Q2B,Product_10,32187,16093.5,0.5
2025-08-23,Ship_490,23000.0,Q2A,Product_7,31801,23000.0,0.7232
2025-08-23,Ship_485,13714.0,Q1B,Product_4,27428,13714.0,0.5
2025-08-23,Ship_483,15032.5,Q1A,Product_1,30065,15032.5,0.5
2025-08-23,Ship_487,9586.0,Q1C,Product_5,9586,9586.0,1.0
2025-08-24,Ship_494,16093.5,Q2B,Product_10,32187,32187.0,1.0
2025-08-24,Ship_483,15032.5,Q1A,Product_1,30065,30065.0,1.0
2025-08-24,Ship_485,13714.0,Q1B,Product_4,27428,27428.0,1.0
2025-08-24,Ship_490,8801.0,Q2A,Product_7,31801,31801.0,1.0
2025-08-26,Ship_505,1615.0,Q2A,Product_7,12615,1615.0,0.128
2025-08-27,Ship_500,15228.0,Q1B,Product_4,30456,15228.0,0.5
2025-08-27,Ship_496,8013.0,Q1A,Product_1,31013,8013.0,0.2584
2025-08-27,Ship_509,10347.0,Q2B,Product_10,33347,10347.0,0.3103
2025-08-27,Ship_505,11000.0,Q2A,Product_7,12615,12615.0,1.0
2025-08-27,Ship_502,7248.0,Q1C,Product_6,8643,7248.0,0.8386
2025-08-28,Ship_509,23000.0,Q2B,Product_10,33347,33347.0,1.0
2025-08-28,Ship_503,6412.0,Q1C,Product_6,6412,6412.0,1.0
2025-08-28,Ship_497,23000.0,Q1A,Product_2,40888,23000.0,0.5625
2025-08-28,Ship_500,15228.0,Q1B,Product_4,30456,30456.0,1.0
2025-08-28,Ship_506,30212.0,Q2A,Product_8,65212,30212.0,0.4633
2025-08-29,Ship_507,8635.0,Q2B,Product_9,8635,8635.0,1.0
2025-08-29,Ship_497,17888.0,Q1A,Product_2,40888,40888.0,1.0
2025-08-29,Ship_498,2087.0,Q1B,Product_3,2087,2087.0,1.0
2025-08-29,Ship_506,35000.0,Q2A,Product_8,65212,65212.0,1.0
2025-08-30,Ship_496,23000.0,Q1A,Product_1,31013,31013.0,1.0
2025-08-30,Ship_504,11000.0,Q2A,Product_7,12711,11000.0,0.8654
2025-08-30,Ship_508,11000.0,Q2B,Product_10,18976,11000.0,0.5797
2025-08-30,Ship_499,11867.5,Q1B,Product_4,23735,11867.5,0.5
2025-08-30,Ship_501,0.0,Q1C,Product_5,21692,0.0,0.0
2025-08-31,Ship_508,7976.0,Q2B,Product_10,18976,18976.0,1.0
2025-08-31,Ship_504,1711.0,Q2A,Product_7,12711,12711.0,1.0
2025-08-31,Ship_499,11867.5,Q1B,Product_4,23735,23735.0,1.0
2025-08-31,Ship_501,21692.0,Q1C,Product_5,21692,21692.0,1.0
2025-09-01,Ship_519,6222.0,Q2A,Product_7,17096,6222.0,0.3639
2025-09-02,Ship_513,975.0,Q1B,Product_3,2121,975.0,0.4597
2025-09-02,Ship_521,5232.0,Q2A,Product_8,28232,5232.0,0.1853
2025-09-03,Ship_521,23000.0,Q2A,Product_8,28232,28232.0,1.0
2025-09-03,Ship_525,9846.0,Q2B,Product_10,20846,9846.0,0.4723
2025-09-03,Ship_514,23000.0,Q1B,Product_4,31556,23000.0,0.7289
2025-09-03,Ship_510,11000.0,Q1A,Product_1,16400,11000.0,0.6707
2025-09-04,Ship_519,10874.0,Q2A,Product_7,17096,17096.0,1.0
2025-09-04,Ship_512,15821.0,Q1A,Product_2,38821,15821.0,0.4075
2025-09-04,Ship_514,8556.0,Q1B,Product_4,31556,31556.0,1.0
2025-09-04,Ship_525,11000.0,Q2B,Product_10,20846,20846.0,1.0
2025-09-04,Ship_518,8406.0,Q1C,Product_6,8406,8406.0,1.0
2025-09-05,Ship_523,8746.0,Q2B,Product_9,8746,8746.0,1.0
2025-09-05,Ship_522,7558.0,Q2A,Product_8,30558,7558.0,0.2473
2025-09-05,Ship_516,21089.0,Q1C,Product_5,21089,21089.0,1.0
2025-09-05,Ship_515,7069.0,Q1B,Product_4,18069,7069.0,0.3912
2025-09-05,Ship_512,23000.0,Q1A,Product_2,38821,38821.0,1.0
2025-09-06,Ship_522,23000.0,Q2A,Product_8,30558,30558.0,1.0
2025-09-06,Ship_511,11000.0,Q1A,Product_1,17937,11000.0,0.6133
2025-09-06,Ship_515,11000.0,Q1B,Product_4,18069,18069.0,1.0
2025-09-06,Ship_524,14336.0,Q2B,Product_10,37336,14336.0,0.384
2025-09-07,Ship_520,11000.0,Q2A,Product_7,12281,11000.0,0.8957
2025-09-07,Ship_524,23000.0,Q2B,Product_10,37336,37336.0,1.0
2025-09-07,Ship_511,6937.0,Q1A,Product_1,17937,17937.0,1.0
2025-09-07,Ship_517,5203.0,Q1C,Product_6,5203,5203.0,1.0
2025-09-08,Ship_536,1334.0,Q2A,Product_7,12334,1334.0,0.1082
2025-09-09,Ship_539,4133.0,Q2B,Product_9,5643,4133.0,0.7324
2025-09-09,Ship_526,15604.0,Q1A,Product_1,33836,15604.0,0.4612
2025-09-09,Ship_530,2458.0,Q1B,Product_4,25458,2458.0,0.0966
2025-09-09,Ship_538,23000.0,Q2A,Product_8,36073,23000.0,0.6376
2025-09-10,Ship_538,13073.0,Q2A,Product_8,36073,36073.0,1.0
2025-09-10,Ship_527,5995.0,Q1A,Product_2,16995,5995.0,0.3528
2025-09-10,Ship_530,23000.0,Q1B,Product_4,25458,25458.0,1.0
2025-09-10,Ship_541,23000.0,Q2B,Product_10,26792,23000.0,0.8585
2025-09-11,Ship_536,11000.0,Q2A,Product_7,12334,12334.0,1.0
2025-09-11,Ship_542,23000.0,Q2B,Product_10,29613,23000.0,0.7767
2025-09-11,Ship_527,11000.0,Q1A,Product_2,16995,16995.0,1.0
2025-09-12,Ship_526,18232.0,Q1A,Product_1,33836,33836.0,1.0
2025-09-12,Ship_534,9991.0,Q1C,Product_6,9991,9991.0,1.0
2025-09-12,Ship_542,6613.0,Q2B,Product_10,29613,29613.0,1.0
2025-09-12,Ship_529,2056.0,Q1B,Product_3,2056,2056.0,1.0
2025-09-12,Ship_535,5836.0,Q2A,Product_7,16836,5836.0,0.3466
2025-09-13,Ship_528,23000.0,Q1A,Product_2,23618,23000.0,0.9738
2025-09-13,Ship_540,3248.0,Q2B,Product_9,3248,3248.0,1.0
2025-09-13,Ship_532,21535.0,Q1C,Product_5,21535,21535.0,1.0
2025-09-13,Ship_535,11000.0,Q2A,Product_7,16836,16836.0,1.0
2025-09-13,Ship_531,23000.0,Q1B,Product_4,25767,23000.0,0.8926
2025-09-14,Ship_528,618.0,Q1A,Product_2,23618,23618.0,1.0
2025-09-14,Ship_541,3792.0,Q2B,Product_10,26792,26792.0,1.0
2025-09-14,Ship_531,2767.0,Q1B,Product_4,25767,25767.0,1.0
2025-09-14,Ship_537,22100.0,Q2A,Product_8,22100,22100.0,1.0
2025-09-14,Ship_533,5979.0,Q1C,Product_6,5979,5979.0,1.0
2025-09-16,Ship_551,5957.0,Q1C,Product_6,5957,5957.0,1.0
2025-09-16,Ship_552,6508.0,Q2A,Product_7,17508,6508.0,0.3717
2025-09-17,Ship_557,3971.0,Q2B,Product_9,3971,3971.0,1.0
2025-09-17,Ship_552,11000.0,Q2A,Product_7,17508,17508.0,1.0
2025-09-17,Ship_544,23000.0,Q1A,Product_2,42825,23000.0,0.5371
2025-09-18,Ship_558,27046.5,Q2B,Product_10,54093,27046.5,0.5
2025-09-18,Ship_554,23000.0,Q2A,Product_8,35926,23000.0,0.6402
2025-09-18,Ship_548,10688.0,Q1C,Product_5,10688,10688.0,1.0
2025-09-18,Ship_543,12223.0,Q1A,Product_1,35223,12223.0,0.347
2025-09-18,Ship_547,21110.0,Q1B,Product_4,21110,21110.0,1.0
2025-09-19,Ship_546,22930.0,Q1B,Product_4,22930,22930.0,1.0
2025-09-19,Ship_558,27046.5,Q2B,Product_10,54093,54093.0,1.0
2025-09-19,Ship_550,10120.0,Q1C,Product_6,10120,10120.0,1.0
2025-09-19,Ship_554,12926.0,Q2A,Product_8,35926,35926.0,1.0
2025-09-19,Ship_543,23000.0,Q1A,Product_1,35223,35223.0,1.0
2025-09-20,Ship_556,3835.0,Q2B,Product_9,3835,3835.0,1.0
2025-09-20,Ship_549,1502.0,Q1C,Product_5,12502,1502.0,0.1201
2025-09-20,Ship_553,10344.0,Q2A,Product_7,10344,10344.0,1.0
2025-09-20,Ship_544,19825.0,Q1A,Product_2,42825,42825.0,1.0
2025-09-21,Ship_555,23000.0,Q2A,Product_8,28088,23000.0,0.8189
2025-09-21,Ship_545,2113.0,Q1B,Product_3,2113,2113.0,1.0
2025-09-21,Ship_549,11000.0,Q1C,Product_5,12502,12502.0,1.0
2025-09-23,Ship_560,7555.5,Q1A,Product_1,15111,7555.5,0.5
2025-09-24,Ship_570,3109.0,Q2B,Product_9,3978,3109.0,0.7815
2025-09-24,Ship_560,7555.5,Q1A,Product_1,15111,15111.0,1.0
2025-09-24,Ship_566,9090.0,Q1C,Product_6,9090,9090.0,1.0
2025-09-25,Ship_571,3547.0,Q2B,Product_9,3547,3547.0,1.0
2025-09-25,Ship_561,23000.0,Q1A,Product_2,39331,23000.0,0.5848
2025-09-25,Ship_563,35000.0,Q1B,Product_4,50330,35000.0,0.6954
2025-09-25,Ship_565,2002.0,Q1C,Product_5,13002,2002.0,0.154
2025-09-25,Ship_568,21352.0,Q2A,Product_7,24533,21352.0,0.8703
2025-09-26,Ship_568,3181.0,Q2A,Product_7,24533,24533.0,1.0
2025-09-26,Ship_563,15330.0,Q1B,Product_4,50330,50330.0,1.0
2025-09-26,Ship_573,11777.0,Q2B,Product_10,34777,11777.0,0.3386
2025-09-26,Ship_567,6439.0,Q1C,Product_6,6439,6439.0,1.0
2025-09-26,Ship_561,16331.0,Q1A,Product_2,39331,39331.0,1.0
2025-09-27,Ship_569,33454.5,Q2A,Product_8,66909,33454.5,0.5
2025-09-27,Ship_573,23000.0,Q2B,Product_10,34777,34777.0,1.0
2025-09-27,Ship_565,11000.0,Q1C,Product_5,13002,13002.0,1.0
2025-09-28,Ship_564,7550.0,Q1C,Product_5,7550,7550.0,1.0
2025-09-28,Ship_569,33454.5,Q2A,Product_8,66909,66909.0,1.0
2025-09-28,Ship_559,21992.0,Q1A,Product_1,21992,21992.0,1.0
2025-09-28,Ship_562,2079.0,Q1B,Product_3,2079,2079.0,1.0
2025-09-28,Ship_572,21261.0,Q2B,Product_10,21261,21261.0,1.0
2025-09-30,Ship_576,3656.0,Q1A,Product_2,26656,3656.0,0.1372
2025-10-01,Ship_575,21101.0,Q1A,Product_1,21101,21101.0,1.0
2025-10-01,Ship_582,11000.0,Q2A,Product_7,13006,11000.0,0.8458
2025-10-02,Ship_576,23000.0,Q1A,Product_2,26656,26656.0,1.0
2025-10-02,Ship_581,7550.0,Q1C,Product_6,15100,7550.0,0.5
2025-10-02,Ship_579,22817.5,Q1B,Product_4,45635,22817.5,0.5
2025-10-02,Ship_584,35000.0,Q2A,Product_8,60812,35000.0,0.5755
2025-10-02,Ship_587,12939.0,Q2B,Product_10,35939,12939.0,0.36
2025-10-03,Ship_579,22817.5,Q1B,Product_4,45635,45635.0,1.0
2025-10-03,Ship_581,7550.0,Q1C,Product_6,15100,15100.0,1.0
2025-10-03,Ship_577,7021.0,Q1A,Product_2,18021,7021.0,0.3896
2025-10-03,Ship_584,25812.0,Q2A,Product_8,60812,60812.0,1.0
2025-10-03,Ship_587,23000.0,Q2B,Product_10,35939,35939.0,1.0
2025-10-04,Ship_577,11000.0,Q1A,Product_2,18021,18021.0,1.0
2025-10-04,Ship_585,9022.0,Q2B,Product_9,9022,9022.0,1.0
2025-10-04,Ship_583,11000.0,Q2A,Product_7,16513,11000.0,0.6661
2025-10-05,Ship_586,22615.0,Q2B,Product_10,22615,22615.0,1.0
2025-10-05,Ship_580,22366.0,Q1C,Product_5,22366,22366.0,1.0
2025-10-05,Ship_574,11000.0,Q1A,Product_1,12324,11000.0,0.8926
2025-10-05,Ship_578,2129.0,Q1B,Product_3,2129,2129.0,1.0
2025-10-05,Ship_583,5513.0,Q2A,Product_7,16513,16513.0,1.0
2025-10-07,Ship_589,4003.0,Q1A,Product_2,27003,4003.0,0.1482
2025-10-07,Ship_597,18172.0,Q2A,Product_8,41172,18172.0,0.4414
2025-10-08,Ship_589,23000.0,Q1A,Product_2,27003,27003.0,1.0
2025-10-08,Ship_597,23000.0,Q2A,Product_8,41172,41172.0,1.0
2025-10-08,Ship_592,11000.0,Q1B,Product_4,20730,11000.0,0.5306
2025-10-08,Ship_599,3246.0,Q2B,Product_9,3246,3246.0,1.0
2025-10-08,Ship_595,5176.0,Q1C,Product_6,10352,5176.0,0.5
2025-10-09,Ship_588,23000.0,Q1A,Product_1,34435,23000.0,0.6679
2025-10-09,Ship_592,9730.0,Q1B,Product_4,20730,20730.0,1.0
2025-10-09,Ship_598,3315.0,Q2A,Product_8,26315,3315.0,0.126
2025-10-09,Ship_595,5176.0,Q1C,Product_6,10352,10352.0,1.0
2025-10-09,Ship_602,22196.0,Q2B,Product_10,22196,22196.0,1.0
2025-10-10,Ship_598,23000.0,Q2A,Product_8,26315,26315.0,1.0
2025-10-10,Ship_588,11435.0,Q1A,Product_1,34435,34435.0,1.0
2025-10-10,Ship_601,23000.0,Q2B,Product_10,38007,23000.0,0.6052
2025-10-10,Ship_593,21015.0,Q1C,Product_5,21015,21015.0,1.0
2025-10-11,Ship_594,5790.0,Q1C,Product_6,5790,5790.0,1.0
2025-10-11,Ship_590,11000.0,Q1A,Product_2,14915,11000.0,0.7375
2025-10-11,Ship_596,3110.0,Q2A,Product_7,26110,3110.0,0.1191
2025-10-11,Ship_591,2465.0,Q1B,Product_4,25465,2465.0,0.0968
2025-10-11,Ship_601,15007.0,Q2B,Product_10,38007,38007.0,1.0
2025-10-12,Ship_590,3915.0,Q1A,Product_2,14915,14915.0,1.0
2025-10-12,Ship_600,5953.0,Q2B,Product_9,5953,5953.0,1.0
2025-10-12,Ship_591,23000.0,Q1B,Product_4,25465,25465.0,1.0
2025-10-12,Ship_596,23000.0,Q2A,Product_7,26110,26110.0,1.0
2025-10-14,Ship_607,7945.0,Q1B,Product_4,30945,7945.0,0.2567
2025-10-14,Ship_613,23000.0,Q2A,Product_8,25508,23000.0,0.9017
2025-10-15,Ship_613,2508.0,Q2A,Product_8,25508,25508.0,1.0
2025-10-15,Ship_610,11000.0,Q1C,Product_5,12478,11000.0,0.8816
2025-10-15,Ship_603,10369.0,Q1A,Product_1,33369,10369.0,0.3107
2025-10-15,Ship_607,23000.0,Q1B,Product_4,30945,30945.0,1.0
2025-10-16,Ship_612,5308.0,Q2A,Product_7,28308,5308.0,0.1875
2025-10-16,Ship_610,1478.0,Q1C,Product_5,12478,12478.0,1.0
2025-10-16,Ship_608,6010.0,Q1B,Product_4,17010,6010.0,0.3533
2025-10-16,Ship_615,4255.0,Q2B,Product_9,4255,4255.0,1.0
2025-10-16,Ship_604,23000.0,Q1A,Product_2,24206,23000.0,0.9502
2025-10-17,Ship_611,5194.0,Q1C,Product_6,16194,5194.0,0.3207
2025-10-17,Ship_603,23000.0,Q1A,Product_1,33369,33369.0,1.0
2025-10-17,Ship_608,11000.0,Q1B,Product_4,17010,17010.0,1.0
2025-10-17,Ship_616,4943.0,Q2B,Product_9,4943,4943.0,1.0
2025-10-17,Ship_612,23000.0,Q2A,Product_7,28308,28308.0,1.0
2025-10-18,Ship_611,11000.0,Q1C,Product_6,16194,16194.0,1.0
2025-10-18,Ship_605,3104.0,Q1A,Product_2,14104,3104.0,0.2201
2025-10-18,Ship_614,23000.0,Q2A,Product_8,34719,23000.0,0.6625
2025-10-18,Ship_617,28065.5,Q2B,Product_10,56131,28065.5,0.5
2025-10-18,Ship_606,2000.0,Q1B,Product_3,2000,2000.0,1.0
2025-10-19,Ship_605,11000.0,Q1A,Product_2,14104,14104.0,1.0
2025-10-19,Ship_609,9813.0,Q1C,Product_5,9813,9813.0,1.0
2025-10-19,Ship_614,11719.0,Q2A,Product_8,34719,34719.0,1.0
2025-10-19,Ship_617,28065.5,Q2B,Product_10,56131,56131.0,1.0
2025-10-21,Ship_622,6211.0,Q1C,Product_5,7146,6211.0,0.8692
2025-10-21,Ship_627,11000.0,Q2A,Product_7,13812,11000.0,0.7964
2025-10-22,Ship_625,10162.0,Q1C,Product_6,10162,10162.0,1.0
2025-10-22,Ship_627,2812.0,Q2A,Product_7,13812,13812.0,1.0
2025-10-22,Ship_619,23000.0,Q1A,Product_2,38196,23000.0,0.6022
2025-10-23,Ship_621,14701.0,Q1B,Product_4,49701,14701.0,0.2958
2025-10-23,Ship_618,10349.0,Q1A,Product_1,33349,10349.0,0.3103
2025-10-23,Ship_623,11000.0,Q1C,Product_5,12175,11000.0,0.9035
2025-10-23,Ship_628,35000.0,Q2A,Product_8,62759,35000.0,0.5577
2025-10-24,Ship_628,27759.0,Q2A,Product_8,62759,62759.0,1.0
2025-10-24,Ship_629,9174.0,Q2B,Product_9,9174,9174.0,1.0
2025-10-24,Ship_618,23000.0,Q1A,Product_1,33349,33349.0,1.0
2025-10-24,Ship_621,35000.0,Q1B,Product_4,49701,49701.0,1.0
2025-10-25,Ship_630,35000.0,Q2B,Product_10,55732,35000.0,0.628
2025-10-25,Ship_619,15196.0,Q1A,Product_2,38196,38196.0,1.0
2025-10-25,Ship_620,2184.0,Q1B,Product_3,2184,2184.0,1.0
2025-10-25,Ship_626,5741.0,Q2A,Product_7,16741,5741.0,0.3429
2025-10-26,Ship_624,6330.0,Q1C,Product_6,6330,6330.0,1.0
2025-10-26,Ship_626,11000.0,Q2A,Product_7,16741,16741.0,1.0
2025-10-26,Ship_630,20732.0,Q2B,Product_10,55732,55732.0,1.0
2025-10-28,Ship_636,8124.0,Q1B,Product_4,19124,8124.0,0.4248
2025-10-28,Ship_632,6582.0,Q1A,Product_2,17582,6582.0,0.3744
2025-10-28,Ship_639,14612.0,Q2A,Product_7,29453,14612.0,0.4961
2025-10-29,Ship_641,1458.0,Q2A,Product_8,24458,1458.0,0.0596
2025-10-29,Ship_636,11000.0,Q1B,Product_4,19124,19124.0,1.0
2025-10-29,Ship_632,11000.0,Q1A,Product_2,17582,17582.0,1.0
2025-10-29,Ship_638,11000.0,Q1C,Product_6,16211,11000.0,0.6786
2025-10-30,Ship_633,2394.0,Q1A,Product_2,25394,2394.0,0.0943
2025-10-30,Ship_638,3765.0,Q1C,Product_6,16211,14765.0,0.9108
2025-10-30,Ship_644,25400.0,Q2B,Product_10,60400,25400.0,0.4205
2025-10-30,Ship_639,10055.0,Q2A,Product_7,29453,24667.0,0.8375
2025-10-31,Ship_644,35000.0,Q2B,Product_10,60400,60400.0,1.0
2025-10-31,Ship_633,23000.0,Q1A,Product_2,25394,25394.0,1.0
2025-10-31,Ship_641,23000.0,Q2A,Product_8,24458,24458.0,1.0
2025-10-31,Ship_635,6220.0,Q1B,Product_4,29220,6220.0,0.2129
2025-11-01,Ship_635,23000.0,Q1B,Product_4,29220,29220.0,1.0
2025-11-01,Ship_640,23000.0,Q2A,Product_8,38621,23000.0,0.5955
2025-11-01,Ship_637,22278.0,Q1C,Product_5,22278,22278.0,1.0
2025-11-01,Ship_643,4603.0,Q2B,Product_9,4603,4603.0,1.0
2025-11-01,Ship_631,23000.0,Q1A,Product_1,36800,23000.0,0.625
2025-11-02,Ship_631,13800.0,Q1A,Product_1,36800,36800.0,1.0
2025-11-02,Ship_642,3679.0,Q2B,Product_9,3679,3679.0,1.0
2025-11-02,Ship_640,15621.0,Q2A,Product_8,38621,38621.0,1.0
2025-11-03,Ship_648,2805.0,Q1A,Product_2,25805,2805.0,0.1087
2025-11-04,Ship_651,7411.0,Q1C,Product_6,16868,7411.0,0.4394
2025-11-04,Ship_646,18228.0,Q1A,Product_1,21514,18228.0,0.8473
2025-11-04,Ship_655,3472.0,Q2B,Product_9,3472,3472.0,1.0
2025-11-05,Ship_651,0.0,Q1C,Product_6,16868,7411.0,0.4394
2025-11-05,Ship_648,23000.0,Q1A,Product_2,25805,25805.0,1.0
2025-11-06,Ship_647,6500.0,Q1A,Product_2,17500,6500.0,0.3714
2025-11-06,Ship_652,23000.0,Q2A,Product_7,34122,23000.0,0.6741
2025-11-06,Ship_651,7425.0,Q1C,Product_6,16868,14836.0,0.8795
2025-11-07,Ship_650,22751.0,Q1C,Product_5,22751,22751.0,1.0
2025-11-07,Ship_654,5552.0,Q2B,Product_9,5552,5552.0,1.0
2025-11-07,Ship_652,11122.0,Q2A,Product_7,34122,34122.0,1.0
2025-11-07,Ship_647,11000.0,Q1A,Product_2,17500,17500.0,1.0
2025-11-08,Ship_649,18748.0,Q1B,Product_4,53748,18748.0,0.3488
2025-11-08,Ship_653,30275.0,Q2A,Product_8,60550,30275.0,0.5
2025-11-08,Ship_656,22852.0,Q2B,Product_10,57852,22852.0,0.395
2025-11-08,Ship_645,11000.0,Q1A,Product_1,16527,11000.0,0.6656
2025-11-09,Ship_645,5527.0,Q1A,Product_1,16527,16527.0,1.0
2025-11-09,Ship_649,35000.0,Q1B,Product_4,53748,53748.0,1.0
2025-11-09,Ship_653,30275.0,Q2A,Product_8,60550,60550.0,1.0
2025-11-09,Ship_656,35000.0,Q2B,Product_10,57852,57852.0,1.0
2025-11-10,Ship_660,8761.0,Q1A,Product_2,19955,8761.0,0.439
2025-11-11,Ship_673,11582.0,Q2B,Product_10,23164,11582.0,0.5
2025-11-11,Ship_664,11000.0,Q1C,Product_5,11588,11000.0,0.9493
2025-11-11,Ship_663,22569.0,Q1B,Product_4,23954,22569.0,0.9422
2025-11-11,Ship_657,11000.0,Q1A,Product_1,17360,11000.0,0.6336
2025-11-11,Ship_668,11000.0,Q2A,Product_7,15281,11000.0,0.7198
2025-11-12,Ship_668,4281.0,Q2A,Product_7,15281,15281.0,1.0
2025-11-12,Ship_663,1385.0,Q1B,Product_4,23954,23954.0,1.0
2025-11-12,Ship_673,11582.0,Q2B,Product_10,23164,23164.0,1.0
2025-11-12,Ship_660,11000.0,Q1A,Product_2,19955,19761.0,0.9903
2025-11-13,Ship_665,8647.0,Q1C,Product_5,10486,8647.0,0.8246
2025-11-13,Ship_658,9486.0,Q1A,Product_1,20486,9486.0,0.463
2025-11-13,Ship_662,23000.0,Q1B,Product_4,29940,23000.0,0.7682
2025-11-13,Ship_670,34198.35,Q2A,Product_8,54904,34198.35,0.6229
2025-11-14,Ship_671,8425.0,Q2B,Product_9,8425,8425.0,1.0
2025-11-14,Ship_666,7836.0,Q1C,Product_6,7836,7836.0,1.0
2025-11-14,Ship_670,20705.65,Q2A,Product_8,54904,54904.0,1.0
2025-11-14,Ship_659,22757.0,Q1A,Product_2,22757,22757.0,1.0
2025-11-14,Ship_662,6940.0,Q1B,Product_4,29940,29940.0,1.0
2025-11-15,Ship_669,3942.0,Q2A,Product_7,14942,3942.0,0.2638
2025-11-15,Ship_667,6701.0,Q1C,Product_6,6701,6701.0,1.0
2025-11-15,Ship_658,11000.0,Q1A,Product_1,20486,20486.0,1.0
2025-11-15,Ship_672,18656.0,Q2B,Product_10,37312,18656.0,0.5
2025-11-15,Ship_661,2162.0,Q1B,Product_3,2162,2162.0,1.0
2025-11-16,Ship_669,11000.0,Q2A,Product_7,14942,14942.0,1.0
2025-11-16,Ship_672,18656.0,Q2B,Product_10,37312,37312.0,1.0
2025-11-17,Ship_678,0.0,Q1B,Product_4,21971,0.0,0.0
2025-11-18,Ship_682,6367.0,Q1C,Product_6,6367,6367.0,1.0
2025-11-18,Ship_679,13542.0,Q1B,Product_4,30848,13542.0,0.439
2025-11-18,Ship_676,11444.55,Q1A,Product_2,24654,11444.55,0.4642
2025-11-19,Ship_676,13209.45,Q1A,Product_2,24654,24654.0,1.0
2025-11-19,Ship_688,11787.0,Q2B,Product_10,23574,11787.0,0.5
2025-11-19,Ship_678,21971.0,Q1B,Product_4,21971,21971.0,1.0
2025-11-19,Ship_684,11000.0,Q2A,Product_7,16551,11000.0,0.6646
2025-11-20,Ship_674,23000.0,Q1A,Product_1,34723,23000.0,0.6624
2025-11-20,Ship_679,11298.0,Q1B,Product_4,30848,24840.0,0.8052
2025-11-20,Ship_688,11787.0,Q2B,Product_10,23574,23574.0,1.0
2025-11-20,Ship_684,5551.0,Q2A,Product_7,16551,16551.0,1.0
2025-11-21,Ship_674,11723.0,Q1A,Product_1,34723,34723.0,1.0
2025-11-21,Ship_678,0.0,Q1B,Product_4,21971,21971.0,1.0
2025-11-21,Ship_683,11000.0,Q2A,Product_7,12950,11000.0,0.8494
2025-11-21,Ship_686,8844.0,Q2B,Product_9,8844,8844.0,1.0
2025-11-22,Ship_681,9214.0,Q1C,Product_6,9214,9214.0,1.0
2025-11-22,Ship_679,6008.0,Q1B,Product_4,30848,30848.0,1.0
2025-11-22,Ship_685,23998.0,Q2A,Product_8,70998,23998.0,0.338
2025-11-22,Ship_687,14367.0,Q2B,Product_10,28734,14367.0,0.5
2025-11-22,Ship_675,3917.0,Q1A,Product_2,14917,3917.0,0.2626
2025-11-23,Ship_680,22690.0,Q1C,Product_5,22690,22690.0,1.0
2025-11-23,Ship_685,47000.0,Q2A,Product_8,70998,70998.0,1.0
2025-11-23,Ship_687,14367.0,Q2B,Product_10,28734,28734.0,1.0
2025-11-23,Ship_675,11000.0,Q1A,Product_2,14917,14917.0,1.0
2025-11-24,Ship_700,9341.0,Q2B,Product_10,20341,9341.0,0.4592
2025-11-24,Ship_691,6272.0,Q1A,Product_2,17272,6272.0,0.3631
2025-11-25,Ship_700,11000.0,Q2B,Product_10,20341,20341.0,1.0
2025-11-25,Ship_691,11000.0,Q1A,Product_2,17272,17272.0,1.0
2025-11-26,Ship_689,11000.0,Q1A,Product_1,13547,11000.0,0.812
2025-11-27,Ship_697,6342.0,Q2A,Product_7,29342,6342.0,0.2161
2025-11-27,Ship_696,7680.5,Q1C,Product_6,15361,7680.5,0.5
2025-11-27,Ship_694,13220.0,Q1B,Product_4,48220,13220.0,0.2742
2025-11-27,Ship_701,18064.0,Q2B,Product_10,36128,18064.0,0.5
2025-11-28,Ship_697,23000.0,Q2A,Product_7,29342,29342.0,1.0
2025-11-28,Ship_696,7680.5,Q1C,Product_6,15361,15361.0,1.0
2025-11-28,Ship_694,35000.0,Q1B,Product_4,48220,48220.0,1.0
2025-11-28,Ship_701,18064.0,Q2B,Product_10,36128,36128.0,1.0
2025-11-28,Ship_692,23000.0,Q1A,Product_2,23813,23000.0,0.9659
2025-11-29,Ship_695,9345.0,Q1C,Product_5,20345,9345.0,0.4593
2025-11-29,Ship_690,11000.0,Q1A,Product_1,20253,11000.0,0.5431
2025-11-29,Ship_698,35000.0,Q2A,Product_8,63572,35000.0,0.5506
2025-11-30,Ship_693,2114.0,Q1B,Product_3,2114,2114.0,1.0
2025-11-30,Ship_695,11000.0,Q1C,Product_5,20345,20345.0,1.0
2025-11-30,Ship_690,9253.0,Q1A,Product_1,20253,20253.0,1.0
2025-11-30,Ship_698,28572.0,Q2A,Product_8,63572,63572.0,1.0
2025-11-30,Ship_699,9434.0,Q2B,Product_9,9434,9434.0,1.0
2025-12-02,Ship_714,11997.0,Q2B,Product_10,34997,11997.0,0.3428
2025-12-02,Ship_710,8838.0,Q2A,Product_8,31838,8838.0,0.2776
2025-12-03,Ship_703,23000.0,Q1A,Product_2,41717,23000.0,0.5513
2025-12-03,Ship_714,23000.0,Q2B,Product_10,34997,34997.0,1.0
2025-12-03,Ship_710,23000.0,Q2A,Product_8,31838,31838.0,1.0
2025-12-04,Ship_704,13700.0,Q1B,Product_4,27400,13700.0,0.5
2025-12-04,Ship_709,23000.0,Q2A,Product_8,31162,23000.0,0.7381
2025-12-04,Ship_712,5454.0,Q2B,Product_9,5454,5454.0,1.0
2025-12-04,Ship_702,18587.0,Q1A,Product_1,37174,18587.0,0.5
2025-12-05,Ship_704,13700.0,Q1B,Product_4,27400,27400.0,1.0
2025-12-05,Ship_707,7957.5,Q1C,Product_6,15915,7957.5,0.5
2025-12-05,Ship_702,18587.0,Q1A,Product_1,37174,37174.0,1.0
2025-12-05,Ship_711,3508.0,Q2B,Product_9,3508,3508.0,1.0
2025-12-05,Ship_709,8162.0,Q2A,Product_8,31162,31162.0,1.0
2025-12-06,Ship_713,23000.0,Q2B,Product_10,27608,23000.0,0.8331
2025-12-06,Ship_708,23000.0,Q2A,Product_7,31861,23000.0,0.7219
2025-12-06,Ship_705,8971.0,Q1B,Product_4,17942,8971.0,0.5
2025-12-06,Ship_703,18717.0,Q1A,Product_2,41717,41717.0,1.0
2025-12-06,Ship_707,7957.5,Q1C,Product_6,15915,15915.0,1.0
2025-12-07,Ship_708,8861.0,Q2A,Product_7,31861,31861.0,1.0
2025-12-07,Ship_705,8971.0,Q1B,Product_4,17942,17942.0,1.0
2025-12-07,Ship_706,22583.0,Q1C,Product_5,22583,22583.0,1.0
2025-12-07,Ship_713,4608.0,Q2B,Product_10,27608,27608.0,1.0
2025-12-08,Ship_724,16603.0,Q2A,Product_8,42270,16603.0,0.3928
2025-12-09,Ship_724,2667.0,Q2A,Product_8,42270,19270.0,0.4559
2025-12-09,Ship_728,9165.0,Q2B,Product_10,32165,9165.0,0.2849
2025-12-10,Ship_721,6104.0,Q1C,Product_6,6104,6104.0,1.0
2025-12-10,Ship_728,23000.0,Q2B,Product_10,32165,32165.0,1.0
2025-12-10,Ship_724,23000.0,Q2A,Product_8,42270,42270.0,1.0
2025-12-11,Ship_727,5675.0,Q2B,Product_9,5675,5675.0,1.0
2025-12-11,Ship_719,10190.5,Q1C,Product_5,20381,10190.5,0.5
2025-12-11,Ship_716,23000.0,Q1A,Product_2,38533,23000.0,0.5969
2025-12-11,Ship_722,11000.0,Q2A,Product_7,18493,11000.0,0.5948
2025-12-12,Ship_716,15533.0,Q1A,Product_2,38533,38533.0,1.0
2025-12-12,Ship_722,7493.0,Q2A,Product_7,18493,18493.0,1.0
2025-12-12,Ship_719,10190.5,Q1C,Product_5,20381,20381.0,1.0
2025-12-12,Ship_717,2432.0,Q1B,Product_3,2432,2432.0,1.0
2025-12-13,Ship_720,9511.0,Q1C,Product_6,9511,9511.0,1.0
2025-12-13,Ship_715,23000.0,Q1A,Product_1,38751,23000.0,0.5935
2025-12-13,Ship_718,19729.0,Q1B,Product_4,54729,19729.0,0.3605
2025-12-13,Ship_723,11000.0,Q2A,Product_7,11122,11000.0,0.989
2025-12-13,Ship_726,3427.0,Q2B,Product_9,3427,3427.0,1.0
2025-12-14,Ship_718,35000.0,Q1B,Product_4,54729,54729.0,1.0
2025-12-14,Ship_715,15751.0,Q1A,Product_1,38751,38751.0,1.0
2025-12-14,Ship_725,23000.0,Q2A,Product_8,25683,23000.0,0.8955
2025-12-14,Ship_729,21588.0,Q2B,Product_10,21588,21588.0,1.0
2025-12-15,Ship_730,9640.0,Q1A,Product_1,14651,9640.0,0.658
2025-12-16,Ship_744,14719.04,Q2B,Product_10,31345,14719.04,0.4696
2025-12-16,Ship_738,0.0,Q1C,Product_6,8305,0.0,0.0
2025-12-16,Ship_734,3554.0,Q1B,Product_4,26554,3554.0,0.1338
2025-12-16,Ship_730,5011.0,Q1A,Product_1,14651,14651.0,1.0
2025-12-17,Ship_734,23000.0,Q1B,Product_4,26554,26554.0,1.0
2025-12-17,Ship_744,16625.96,Q2B,Product_10,31345,31345.0,1.0
2025-12-17,Ship_739,19411.0,Q2A,Product_7,30523,19411.0,0.6359
2025-12-17,Ship_738,8305.0,Q1C,Product_6,8305,8305.0,1.0
2025-12-18,Ship_737,6253.0,Q1C,Product_6,7984,6253.0,0.7832
2025-12-18,Ship_732,23000.0,Q1A,Product_2,38695,23000.0,0.5944
2025-12-18,Ship_741,23000.0,Q2A,Product_8,29179,23000.0,0.7882
2025-12-18,Ship_742,4758.0,Q2B,Product_9,4758,4758.0,1.0
2025-12-19,Ship_732,15695.0,Q1A,Product_2,38695,38695.0,1.0
2025-12-19,Ship_745,11656.0,Q2B,Product_10,23312,11656.0,0.5
2025-12-19,Ship_739,11112.0,Q2A,Product_7,30523,30523.0,1.0
2025-12-19,Ship_736,2459.0,Q1C,Product_5,25459,2459.0,0.0966
2025-12-19,Ship_733,2085.0,Q1B,Product_3,2085,2085.0,1.0
2025-12-20,Ship_731,1423.0,Q1A,Product_1,24423,1423.0,0.0583
2025-12-20,Ship_740,12982.0,Q2A,Product_8,35982,12982.0,0.3608
2025-12-20,Ship_736,23000.0,Q1C,Product_5,25459,25459.0,1.0
2025-12-20,Ship_745,11656.0,Q2B,Product_10,23312,23312.0,1.0
2025-12-21,Ship_731,23000.0,Q1A,Product_1,24423,24423.0,1.0
2025-12-21,Ship_735,22372.0,Q1B,Product_4,22372,22372.0,1.0
2025-12-21,Ship_740,23000.0,Q2A,Product_8,35982,35982.0,1.0
2025-12-21,Ship_743,3377.0,Q2B,Product_9,3377,3377.0,1.0
2025-12-23,Ship_754,6999.0,Q1C,Product_6,8573,6999.0,0.8164
2025-12-24,Ship_752,11000.0,Q1C,Product_5,16120,11000.0,0.6824
2025-12-24,Ship_748,21433.0,Q1A,Product_2,21433,21433.0,1.0
2025-12-25,Ship_755,14381.0,Q2A,Product_7,28762,14381.0,0.5
2025-12-25,Ship_746,23000.0,Q1A,Product_1,40129,23000.0,0.5732
2025-12-25,Ship_750,35000.0,Q1B,Product_4,60405,35000.0,0.5794
2025-12-25,Ship_752,5120.0,Q1C,Product_5,16120,16120.0,1.0
2025-12-26,Ship_750,25405.0,Q1B,Product_4,60405,60405.0,1.0
2025-12-26,Ship_757,9921.0,Q2B,Product_9,9921,9921.0,1.0
2025-12-26,Ship_746,17129.0,Q1A,Product_1,40129,40129.0,1.0
2025-12-26,Ship_753,9905.0,Q1C,Product_6,9905,9905.0,1.0
2025-12-26,Ship_755,14381.0,Q2A,Product_7,28762,28762.0,1.0
2025-12-27,Ship_758,30556.0,Q2B,Product_10,65556,30556.0,0.4661
2025-12-27,Ship_749,2302.0,Q1B,Product_3,2302,2302.0,1.0
2025-12-27,Ship_747,475.0,Q1A,Product_2,23475,475.0,0.0202
2025-12-27,Ship_751,9560.0,Q1C,Product_5,9560,9560.0,1.0
2025-12-27,Ship_756,36061.5,Q2A,Product_8,72123,36061.5,0.5
2025-12-28,Ship_751,0.0,Q1C,Product_5,9560,9560.0,1.0
2025-12-28,Ship_756,36061.5,Q2A,Product_8,72123,72123.0,1.0
2025-12-28,Ship_747,23000.0,Q1A,Product_2,23475,23475.0,1.0
2025-12-28,Ship_758,35000.0,Q2B,Product_10,65556,65556.0,1.0
