ship,etb,ets,berth,product,demand,loaded,pct_loaded
Ship_261,2025-04-29,2025-04-30,Q2A,Product_7,17175,17175.0,100.0
Ship_253,2025-04-29,2025-04-30,Q1A,Product_1,28618,28618.0,100.0
Ship_257,2025-04-29,2025-04-29,Q1B,Product_4,22301,22301.0,100.0
Ship_262,2025-04-30,2025-05-02,Q2A,Product_8,76884,76884.0,100.0
Ship_255,2025-05-04,2025-05-04,Q1B,Product_3,2603,2603.0,100.0
Ship_260,2025-05-03,2025-05-04,Q2A,Product_7,17130,17130.0,100.0
Ship_264,2025-05-02,2025-05-03,Q2B,Product_10,60622,60622.0,100.0
Ship_258,2025-05-02,2025-05-02,Q1C,Product_5,22927,22927.0,100.0
Ship_252,2025-05-01,2025-05-02,Q1A,Product_1,17135,17135.0,100.0
Ship_254,2025-05-03,2025-05-04,Q1A,Product_2,50624,50624.0,100.0
Ship_256,2025-05-01,2025-05-02,Q1B,Product_4,38825,38825.0,100.0
Ship_259,2025-05-03,2025-05-04,Q1C,Product_6,18166,18166.0,100.0
Ship_263,2025-05-04,2025-05-04,Q2B,Product_9,10298,10298.0,100.0
Ship_383,2025-06-30,2025-07-03,Q1A,Product_2,29573,29573.0,100.0
Ship_384,2025-07-04,2025-07-04,Q1B,Product_3,2322,2322.0,100.0
Ship_385,2025-07-05,2025-07-06,Q1B,Product_4,47703,47703.0,100.0
Ship_381,2025-07-04,2025-07-04,Q1A,Product_1,23583,23000.0,97.5
Ship_380,2025-07-01,2025-07-02,Q1A,Product_1,15566,15566.0,100.0
Ship_386,2025-07-06,2025-07-06,Q1C,Product_5,23020,23000.0,99.9
Ship_388,2025-07-03,2025-07-04,Q2A,Product_7,31414,31414.0,100.0
Ship_389,2025-07-05,2025-07-06,Q2A,Product_8,67714,67714.0,100.0
Ship_391,2025-07-04,2025-07-05,Q2B,Product_10,59669,59669.0,100.0
Ship_390,2025-07-06,2025-07-06,Q2B,Product_9,9393,9393.0,100.0
Ship_382,2025-07-05,2025-07-06,Q1A,Product_2,20335,20335.0,100.0
Ship_387,2025-07-03,2025-07-04,Q1C,Product_6,18333,18333.0,100.0
Ship_281,2025-05-14,2025-05-14,Q1A,Product_2,22784,22784.0,100.0
Ship_291,2025-05-12,2025-05-13,Q2A,Product_8,37951,31269.0,82.4
Ship_293,2025-05-16,2025-05-16,Q2B,Product_9,4761,4761.0,100.0
Ship_279,2025-05-15,2025-05-16,Q1A,Product_1,47094,47094.0,100.0
Ship_282,2025-05-18,2025-05-18,Q1B,Product_3,2279,2279.0,100.0
Ship_285,2025-05-13,2025-05-13,Q1C,Product_5,10678,10678.0,100.0
Ship_292,2025-05-14,2025-05-14,Q2B,Product_9,5142,5142.0,100.0
Ship_280,2025-05-17,2025-05-18,Q1A,Product_2,20962,20962.0,100.0
Ship_283,2025-05-16,2025-05-17,Q1B,Product_4,52683,52683.0,100.0
Ship_286,2025-05-15,2025-05-15,Q1C,Product_6,10642,10642.0,100.0
Ship_288,2025-05-14,2025-05-15,Q2A,Product_7,14312,11000.0,76.9
Ship_290,2025-05-17,2025-05-18,Q2A,Product_8,37845,37845.0,100.0
Ship_294,2025-05-17,2025-05-18,Q2B,Product_10,71734,71734.0,100.0
Ship_284,2025-05-16,2025-05-17,Q1C,Product_5,16174,16174.0,100.0
Ship_287,2025-05-18,2025-05-18,Q1C,Product_6,7600,7600.0,100.0
Ship_289,2025-05-15,2025-05-16,Q2A,Product_7,20622,20622.0,100.0
Ship_421,2025-07-18,2025-07-19,Q2B,Product_10,59936,59936.0,100.0
Ship_411,2025-07-15,2025-07-16,Q1B,Product_4,28419,28419.0,100.0
Ship_415,2025-07-15,2025-07-15,Q1C,Product_6,5314,5314.0,100.0
Ship_418,2025-07-15,2025-07-16,Q2A,Product_8,36035,36035.0,100.0
Ship_407,2025-07-14,2025-07-16,Q1A,Product_1,17646,17646.0,100.0
Ship_409,2025-07-17,2025-07-17,Q1B,Product_3,2451,2195.0,89.6
Ship_419,2025-07-19,2025-07-20,Q2A,Product_8,34292,34292.0,100.0
Ship_420,2025-07-20,2025-07-20,Q2B,Product_9,9727,9727.0,100.0
Ship_406,2025-07-17,2025-07-20,Q1A,Product_1,19752,19752.0,100.0
Ship_408,2025-07-18,2025-07-20,Q1A,Product_2,45974,45974.0,100.0
Ship_410,2025-07-19,2025-07-20,Q1B,Product_4,19101,19101.0,100.0
Ship_412,2025-07-17,2025-07-18,Q1C,Product_5,15133,15133.0,100.0
Ship_413,2025-07-19,2025-07-19,Q1C,Product_5,10482,10482.0,100.0
Ship_414,2025-07-20,2025-07-20,Q1C,Product_6,9383,9383.0,100.0
Ship_416,2025-07-18,2025-07-18,Q2A,Product_7,14194,11000.0,77.5
Ship_417,2025-07-17,2025-07-17,Q2A,Product_7,12558,11000.0,87.6
Ship_221,2025-04-19,2025-04-20,Q1A,Product_1,37916,37916.0,100.0
Ship_232,2025-04-17,2025-04-18,Q2A,Product_8,72503,72503.0,100.0
Ship_231,2025-04-15,2025-04-16,Q2A,Product_7,14659,14659.0,100.0
Ship_222,2025-04-17,2025-04-18,Q1A,Product_2,49177,49177.0,100.0
Ship_224,2025-04-17,2025-04-18,Q1B,Product_4,28350,28350.0,100.0
Ship_225,2025-04-15,2025-04-16,Q1B,Product_4,28064,28064.0,100.0
Ship_227,2025-04-19,2025-04-19,Q1C,Product_5,11272,11000.0,97.6
Ship_229,2025-04-17,2025-04-17,Q1C,Product_6,6984,6984.0,100.0
Ship_230,2025-04-19,2025-04-19,Q2A,Product_7,14274,11000.0,77.1
Ship_236,2025-04-16,2025-04-17,Q2B,Product_10,36961,36961.0,100.0
Ship_223,2025-04-20,2025-04-20,Q1B,Product_3,2664,2664.0,100.0
Ship_226,2025-04-16,2025-04-17,Q1C,Product_5,12980,11000.0,84.7
Ship_228,2025-04-18,2025-04-18,Q1C,Product_6,9981,9981.0,100.0
Ship_233,2025-04-20,2025-04-20,Q2B,Product_9,6205,6205.0,100.0
Ship_234,2025-04-18,2025-04-18,Q2B,Product_9,4168,4168.0,100.0
Ship_235,2025-04-19,2025-04-19,Q2B,Product_10,24066,23000.0,95.6
Ship_161,2025-03-11,2025-03-12,Q2B,Product_10,33983,33983.0,100.0
Ship_154,2025-03-11,2025-03-12,Q1C,Product_5,15109,15109.0,100.0
Ship_155,2025-03-13,2025-03-14,Q1C,Product_6,17631,17631.0,100.0
Ship_146,2025-03-10,2025-03-13,Q1A,Product_1,25854,25854.0,100.0
Ship_147,2025-03-11,2025-03-14,Q1A,Product_1,18224,18224.0,100.0
Ship_150,2025-03-14,2025-03-14,Q1B,Product_3,2503,2503.0,100.0
Ship_153,2025-03-15,2025-03-15,Q1C,Product_5,10534,10534.0,100.0
Ship_156,2025-03-12,2025-03-12,Q2A,Product_7,21511,21511.0,100.0
Ship_159,2025-03-15,2025-03-15,Q2B,Product_9,4249,4249.0,100.0
Ship_162,2025-03-13,2025-03-14,Q2B,Product_10,26881,26881.0,100.0
Ship_151,2025-03-12,2025-03-13,Q1B,Product_4,25527,25527.0,100.0
Ship_152,2025-03-15,2025-03-16,Q1B,Product_4,25996,25996.0,100.0
Ship_158,2025-03-13,2025-03-14,Q2A,Product_8,69289,69289.0,100.0
Ship_148,2025-03-12,2025-03-15,Q1A,Product_2,27341,27341.0,100.0
Ship_157,2025-03-15,2025-03-16,Q2A,Product_7,12813,12813.0,100.0
Ship_160,2025-03-16,2025-03-16,Q2B,Product_9,6339,6339.0,100.0
Ship_149,2025-03-16,2025-03-16,Q1A,Product_2,24928,23000.0,92.3
Ship_650,2025-11-07,2025-11-07,Q1C,Product_5,22751,22751.0,100.0
Ship_651,2025-11-04,2025-11-06,Q1C,Product_6,16868,14836.0,88.0
Ship_654,2025-11-07,2025-11-07,Q2B,Product_9,5552,5552.0,100.0
Ship_648,2025-11-03,2025-11-05,Q1A,Product_2,25805,25805.0,100.0
Ship_655,2025-11-04,2025-11-04,Q2B,Product_9,3472,3472.0,100.0
Ship_646,2025-11-04,2025-11-04,Q1A,Product_1,21514,18228.0,84.7
Ship_652,2025-11-06,2025-11-07,Q2A,Product_7,34122,34122.0,100.0
Ship_649,2025-11-08,2025-11-09,Q1B,Product_4,53748,53748.0,100.0
Ship_653,2025-11-08,2025-11-09,Q2A,Product_8,60550,60550.0,100.0
Ship_656,2025-11-08,2025-11-09,Q2B,Product_10,57852,57852.0,100.0
Ship_645,2025-11-08,2025-11-09,Q1A,Product_1,16527,16527.0,100.0
Ship_647,2025-11-06,2025-11-07,Q1A,Product_2,17500,17500.0,100.0
Ship_612,2025-10-16,2025-10-17,Q2A,Product_7,28308,28308.0,100.0
Ship_613,2025-10-14,2025-10-15,Q2A,Product_8,25508,25508.0,100.0
Ship_606,2025-10-16,2025-10-18,Q1B,Product_3,2000,2000.0,100.0
Ship_608,2025-10-16,2025-10-17,Q1B,Product_4,17010,17010.0,100.0
Ship_610,2025-10-15,2025-10-16,Q1C,Product_5,12478,12478.0,100.0
Ship_615,2025-10-16,2025-10-16,Q2B,Product_9,4255,4255.0,100.0
Ship_603,2025-10-15,2025-10-17,Q1A,Product_1,33369,33369.0,100.0
Ship_607,2025-10-14,2025-10-16,Q1B,Product_4,30945,30945.0,100.0
Ship_617,2025-10-18,2025-10-19,Q2B,Product_10,56131,56131.0,100.0
Ship_611,2025-10-17,2025-10-18,Q1C,Product_6,16194,16194.0,100.0
Ship_614,2025-10-18,2025-10-19,Q2A,Product_8,34719,34719.0,100.0
Ship_616,2025-10-17,2025-10-17,Q2B,Product_9,4943,4943.0,100.0
Ship_604,2025-10-16,2025-10-16,Q1A,Product_2,24206,23000.0,95.0
Ship_605,2025-10-18,2025-10-19,Q1A,Product_2,14104,14104.0,100.0
Ship_609,2025-10-19,2025-10-19,Q1C,Product_5,9813,9813.0,100.0
Ship_141,2025-03-03,2025-03-04,Q2A,Product_7,13856,13856.0,100.0
Ship_134,2025-03-06,2025-03-07,Q1A,Product_2,44918,44918.0,100.0
Ship_135,2025-03-08,2025-03-08,Q1B,Product_3,2383,2383.0,100.0
Ship_132,2025-03-05,2025-03-05,Q1A,Product_1,21613,21613.0,100.0
Ship_136,2025-03-06,2025-03-07,Q1B,Product_4,57216,57216.0,100.0
Ship_137,2025-03-06,2025-03-07,Q1C,Product_5,26355,23000.0,87.3
Ship_138,2025-03-04,2025-03-05,Q1C,Product_6,6269,6269.0,100.0
Ship_143,2025-03-05,2025-03-05,Q2B,Product_9,7434,7434.0,100.0
Ship_142,2025-03-06,2025-03-07,Q2A,Product_8,80209,80209.0,100.0
Ship_140,2025-03-05,2025-03-08,Q2A,Product_7,20029,20029.0,100.0
Ship_133,2025-03-08,2025-03-09,Q1A,Product_1,16868,16868.0,100.0
Ship_139,2025-03-09,2025-03-09,Q1C,Product_6,8455,8455.0,100.0
Ship_144,2025-03-09,2025-03-09,Q2B,Product_9,4168,4168.0,100.0
Ship_145,2025-03-06,2025-03-07,Q2B,Product_10,59197,59197.0,100.0
Ship_401,2025-07-07,2025-07-07,Q2A,Product_7,10836,5876.0,54.2
Ship_394,2025-07-12,2025-07-13,Q1A,Product_2,42140,42140.0,100.0
Ship_397,2025-07-13,2025-07-13,Q1C,Product_5,10533,10533.0,100.0
Ship_398,2025-07-09,2025-07-09,Q1C,Product_5,10783,10783.0,100.0
Ship_400,2025-07-08,2025-07-10,Q2A,Product_7,19065,19065.0,100.0
Ship_392,2025-07-08,2025-07-11,Q1A,Product_1,18368,18368.0,100.0
Ship_393,2025-07-08,2025-07-10,Q1A,Product_1,19017,19017.0,100.0
Ship_396,2025-07-10,2025-07-11,Q1B,Product_4,55120,55120.0,100.0
Ship_402,2025-07-09,2025-07-11,Q2A,Product_8,66824,66824.0,100.0
Ship_395,2025-07-13,2025-07-13,Q1B,Product_3,2250,2250.0,100.0
Ship_404,2025-07-10,2025-07-10,Q2B,Product_9,5115,5115.0,100.0
Ship_405,2025-07-11,2025-07-12,Q2B,Product_10,62070,62070.0,100.0
Ship_399,2025-07-10,2025-07-11,Q1C,Product_6,16892,16892.0,100.0
Ship_403,2025-07-13,2025-07-13,Q2B,Product_9,4532,4532.0,100.0
Ship_250,2025-04-26,2025-04-27,Q2B,Product_10,37107,37107.0,100.0
Ship_238,2025-04-22,2025-04-23,Q1A,Product_2,34686,34686.0,100.0
Ship_246,2025-04-21,2025-04-22,Q2A,Product_7,14788,14788.0,100.0
Ship_248,2025-04-24,2025-04-25,Q2A,Product_8,78868,78868.0,100.0
Ship_249,2025-04-25,2025-04-25,Q2B,Product_9,10916,10916.0,100.0
Ship_241,2025-04-22,2025-04-23,Q1B,Product_4,20067,20067.0,100.0
Ship_251,2025-04-22,2025-04-23,Q2B,Product_10,26312,26312.0,100.0
Ship_237,2025-04-26,2025-04-27,Q1A,Product_1,43594,43594.0,100.0
Ship_240,2025-04-26,2025-04-26,Q1B,Product_3,2651,2651.0,100.0
Ship_243,2025-04-24,2025-04-25,Q1C,Product_5,15316,15316.0,100.0
Ship_244,2025-04-22,2025-04-23,Q1C,Product_5,11240,11240.0,100.0
Ship_242,2025-04-24,2025-04-25,Q1B,Product_4,29334,29334.0,100.0
Ship_239,2025-04-24,2025-04-25,Q1A,Product_2,18786,18786.0,100.0
Ship_245,2025-04-26,2025-04-27,Q1C,Product_6,14907,14907.0,100.0
Ship_247,2025-04-26,2025-04-27,Q2A,Product_7,23264,23264.0,100.0
Ship_301,2025-05-21,2025-05-21,Q1C,Product_6,7200,7200.0,100.0
Ship_298,2025-05-24,2025-05-24,Q1B,Product_3,2051,2051.0,100.0
Ship_304,2025-05-20,2025-05-21,Q2A,Product_7,17672,17672.0,100.0
Ship_307,2025-05-25,2025-05-25,Q2B,Product_9,4008,4008.0,100.0
Ship_308,2025-05-21,2025-05-23,Q2B,Product_10,64531,64531.0,100.0
Ship_295,2025-05-21,2025-05-22,Q1A,Product_1,26566,26566.0,100.0
Ship_297,2025-05-20,2025-05-23,Q1A,Product_2,47699,47699.0,100.0
Ship_300,2025-05-22,2025-05-23,Q1C,Product_5,27092,27092.0,100.0
Ship_303,2025-05-24,2025-05-25,Q2A,Product_7,20779,20779.0,100.0
Ship_299,2025-05-22,2025-05-23,Q1B,Product_4,61508,61508.0,100.0
Ship_306,2025-05-24,2025-05-24,Q2B,Product_9,6636,6636.0,100.0
Ship_296,2025-05-24,2025-05-25,Q1A,Product_1,14568,14568.0,100.0
Ship_302,2025-05-24,2025-05-25,Q1C,Product_6,12267,12267.0,100.0
Ship_305,2025-05-22,2025-05-23,Q2A,Product_8,74864,74864.0,100.0
Ship_272,2025-05-08,2025-05-09,Q1C,Product_5,11567,11000.0,95.1
Ship_267,2025-05-08,2025-05-09,Q1A,Product_2,44315,44315.0,100.0
Ship_266,2025-05-06,2025-05-07,Q1A,Product_1,15238,15238.0,100.0
Ship_273,2025-05-09,2025-05-11,Q1C,Product_6,8757,8757.0,100.0
Ship_274,2025-05-07,2025-05-08,Q1C,Product_6,8074,8074.0,100.0
Ship_275,2025-05-10,2025-05-11,Q2A,Product_7,33220,33220.0,100.0
Ship_277,2025-05-11,2025-05-11,Q2B,Product_9,9792,9792.0,100.0
Ship_268,2025-05-07,2025-05-07,Q1B,Product_3,2268,1424.0,62.8
Ship_270,2025-05-10,2025-05-11,Q1B,Product_4,30701,30701.0,100.0
Ship_271,2025-05-08,2025-05-11,Q1C,Product_5,11705,11705.0,100.0
Ship_276,2025-05-08,2025-05-09,Q2A,Product_8,65950,65950.0,100.0
Ship_278,2025-05-08,2025-05-09,Q2B,Product_10,70962,70962.0,100.0
Ship_265,2025-05-10,2025-05-11,Q1A,Product_1,23950,23950.0,100.0
Ship_269,2025-05-08,2025-05-09,Q1B,Product_4,28677,28677.0,100.0
Ship_372,2025-06-24,2025-06-27,Q1C,Product_5,8568,8568.0,100.0
Ship_376,2025-06-23,2025-06-24,Q2A,Product_7,11628,11628.0,100.0
Ship_378,2025-06-27,2025-06-27,Q2B,Product_9,10086,10086.0,100.0
Ship_366,2025-06-26,2025-06-27,Q1A,Product_1,40499,40499.0,100.0
Ship_370,2025-06-28,2025-06-29,Q1B,Product_4,56164,56164.0,100.0
Ship_367,2025-06-24,2025-06-25,Q1A,Product_2,27545,27545.0,100.0
Ship_369,2025-06-27,2025-06-27,Q1B,Product_3,2160,2160.0,100.0
Ship_374,2025-06-26,2025-06-26,Q1C,Product_6,8653,8653.0,100.0
Ship_375,2025-06-26,2025-06-27,Q2A,Product_7,20535,20535.0,100.0
Ship_377,2025-06-25,2025-06-28,Q2A,Product_8,73011,73011.0,100.0
Ship_368,2025-06-28,2025-06-29,Q1A,Product_2,18974,18974.0,100.0
Ship_371,2025-06-28,2025-06-28,Q1C,Product_5,13510,11000.0,81.4
Ship_373,2025-06-29,2025-06-29,Q1C,Product_6,8749,8749.0,100.0
Ship_379,2025-06-28,2025-06-29,Q2B,Product_10,65772,65772.0,100.0
Ship_618,2025-10-23,2025-10-24,Q1A,Product_1,33349,33349.0,100.0
Ship_619,2025-10-22,2025-10-25,Q1A,Product_2,38196,38196.0,100.0
Ship_623,2025-10-22,2025-10-23,Q1C,Product_5,12175,11000.0,90.3
Ship_625,2025-10-22,2025-10-22,Q1C,Product_6,10162,10162.0,100.0
Ship_626,2025-10-25,2025-10-26,Q2A,Product_7,16741,16741.0,100.0
Ship_629,2025-10-24,2025-10-24,Q2B,Product_9,9174,9174.0,100.0
Ship_622,2025-10-21,2025-10-22,Q1C,Product_5,7146,6211.0,86.9
Ship_627,2025-10-21,2025-10-22,Q2A,Product_7,13812,13812.0,100.0
Ship_628,2025-10-23,2025-10-24,Q2A,Product_8,62759,62759.0,100.0
Ship_621,2025-10-23,2025-10-24,Q1B,Product_4,49701,49701.0,100.0
Ship_630,2025-10-25,2025-10-26,Q2B,Product_10,55732,55732.0,100.0
Ship_620,2025-10-25,2025-10-25,Q1B,Product_3,2184,2184.0,100.0
Ship_624,2025-10-26,2025-10-26,Q1C,Product_6,6330,6330.0,100.0
Ship_631,2025-11-01,2025-11-02,Q1A,Product_1,36800,36800.0,100.0
Ship_634,2025-11-01,2025-11-01,Q1B,Product_3,2184,0.0,0.0
Ship_638,2025-10-29,2025-10-30,Q1C,Product_6,16211,14765.0,91.1
Ship_639,2025-10-28,2025-10-30,Q2A,Product_7,29453,24667.0,83.8
Ship_632,2025-10-28,2025-10-29,Q1A,Product_2,17582,17582.0,100.0
Ship_635,2025-10-31,2025-11-01,Q1B,Product_4,29220,29220.0,100.0
Ship_636,2025-10-28,2025-10-29,Q1B,Product_4,19124,19124.0,100.0
Ship_641,2025-10-29,2025-10-31,Q2A,Product_8,24458,24458.0,100.0
Ship_633,2025-10-30,2025-10-31,Q1A,Product_2,25394,25394.0,100.0
Ship_637,2025-11-01,2025-11-01,Q1C,Product_5,22278,22278.0,100.0
Ship_643,2025-11-01,2025-11-01,Q2B,Product_9,4603,4603.0,100.0
Ship_642,2025-11-02,2025-11-02,Q2B,Product_9,3679,3679.0,100.0
Ship_640,2025-11-01,2025-11-02,Q2A,Product_8,38621,38621.0,100.0
Ship_644,2025-10-30,2025-10-31,Q2B,Product_10,60400,60400.0,100.0
Ship_717,2025-12-12,2025-12-12,Q1B,Product_3,2432,2432.0,100.0
Ship_724,2025-12-08,2025-12-10,Q2A,Product_8,42270,42270.0,100.0
Ship_727,2025-12-11,2025-12-11,Q2B,Product_9,5675,5675.0,100.0
Ship_728,2025-12-09,2025-12-10,Q2B,Product_10,32165,32165.0,100.0
Ship_716,2025-12-11,2025-12-12,Q1A,Product_2,38533,38533.0,100.0
Ship_722,2025-12-11,2025-12-12,Q2A,Product_7,18493,18493.0,100.0
Ship_721,2025-12-10,2025-12-10,Q1C,Product_6,6104,6104.0,100.0
Ship_719,2025-12-11,2025-12-12,Q1C,Product_5,20381,20381.0,100.0
Ship_720,2025-12-13,2025-12-13,Q1C,Product_6,9511,9511.0,100.0
Ship_715,2025-12-13,2025-12-14,Q1A,Product_1,38751,38751.0,100.0
Ship_718,2025-12-13,2025-12-14,Q1B,Product_4,54729,54729.0,100.0
Ship_723,2025-12-13,2025-12-13,Q2A,Product_7,11122,11000.0,98.9
Ship_725,2025-12-14,2025-12-14,Q2A,Product_8,25683,23000.0,89.6
Ship_726,2025-12-13,2025-12-13,Q2B,Product_9,3427,3427.0,100.0
Ship_729,2025-12-14,2025-12-14,Q2B,Product_10,21588,21588.0,100.0
Ship_50,2025-01-25,2025-01-26,Q1C,Product_5,15741,15741.0,100.0
Ship_55,2025-01-21,2025-01-26,Q2A,Product_8,31167,31167.0,100.0
Ship_43,2025-01-21,2025-01-22,Q1A,Product_1,19379,19379.0,100.0
Ship_51,2025-01-21,2025-01-21,Q1C,Product_5,9104,9104.0,100.0
Ship_44,2025-01-26,2025-01-26,Q1A,Product_1,22868,22868.0,100.0
Ship_47,2025-01-26,2025-01-26,Q1B,Product_3,2464,2464.0,100.0
Ship_49,2025-01-21,2025-01-21,Q1B,Product_4,22832,22832.0,100.0
Ship_52,2025-01-23,2025-01-24,Q1C,Product_6,17296,17296.0,100.0
Ship_53,2025-01-24,2025-01-25,Q2A,Product_7,31314,31314.0,100.0
Ship_54,2025-01-22,2025-01-23,Q2A,Product_8,42628,42628.0,100.0
Ship_56,2025-01-24,2025-01-24,Q2B,Product_9,6102,6102.0,100.0
Ship_58,2025-01-22,2025-01-23,Q2B,Product_10,40418,40418.0,100.0
Ship_59,2025-01-25,2025-01-25,Q2B,Product_10,24337,23000.0,94.5
Ship_45,2025-01-23,2025-01-24,Q1A,Product_2,20032,20032.0,100.0
Ship_46,2025-01-25,2025-01-25,Q1A,Product_2,26017,23000.0,88.4
Ship_57,2025-01-26,2025-01-26,Q2B,Product_9,4921,4921.0,100.0
Ship_48,2025-01-23,2025-01-24,Q1B,Product_4,30168,30168.0,100.0
Ship_30,2025-01-18,2025-01-19,Q1A,Product_2,42858,42858.0,100.0
Ship_32,2025-01-14,2025-01-15,Q1B,Product_4,28423,28423.0,100.0
Ship_29,2025-01-13,2025-01-14,Q1A,Product_1,16337,16337.0,100.0
Ship_34,2025-01-15,2025-01-16,Q1C,Product_5,16793,16793.0,100.0
Ship_35,2025-01-17,2025-01-17,Q1C,Product_5,10546,10546.0,100.0
Ship_39,2025-01-18,2025-01-18,Q2B,Product_9,6202,6202.0,100.0
Ship_42,2025-01-14,2025-01-15,Q2B,Product_10,32403,32403.0,100.0
Ship_28,2025-01-16,2025-01-17,Q1A,Product_1,25401,25401.0,100.0
Ship_41,2025-01-16,2025-01-17,Q2B,Product_10,40969,40969.0,100.0
Ship_31,2025-01-17,2025-01-17,Q1B,Product_3,2162,2162.0,100.0
Ship_37,2025-01-18,2025-01-19,Q2A,Product_7,34925,34925.0,100.0
Ship_33,2025-01-18,2025-01-19,Q1B,Product_4,28542,28542.0,100.0
Ship_36,2025-01-18,2025-01-19,Q1C,Product_6,14421,14421.0,100.0
Ship_38,2025-01-16,2025-01-17,Q2A,Product_8,66886,66886.0,100.0
Ship_40,2025-01-19,2025-01-19,Q2B,Product_9,4176,4176.0,100.0
Ship_501,2025-08-30,2025-08-31,Q1C,Product_5,21692,21692.0,100.0
Ship_502,2025-08-27,2025-08-27,Q1C,Product_6,8643,7248.0,83.9
Ship_505,2025-08-26,2025-08-27,Q2A,Product_7,12615,12615.0,100.0
Ship_509,2025-08-27,2025-08-28,Q2B,Product_10,33347,33347.0,100.0
Ship_507,2025-08-29,2025-08-29,Q2B,Product_9,8635,8635.0,100.0
Ship_496,2025-08-27,2025-08-30,Q1A,Product_1,31013,31013.0,100.0
Ship_497,2025-08-28,2025-08-29,Q1A,Product_2,40888,40888.0,100.0
Ship_499,2025-08-30,2025-08-31,Q1B,Product_4,23735,23735.0,100.0
Ship_500,2025-08-27,2025-08-28,Q1B,Product_4,30456,30456.0,100.0
Ship_498,2025-08-29,2025-08-29,Q1B,Product_3,2087,2087.0,100.0
Ship_503,2025-08-28,2025-08-28,Q1C,Product_6,6412,6412.0,100.0
Ship_504,2025-08-30,2025-08-31,Q2A,Product_7,12711,12711.0,100.0
Ship_506,2025-08-28,2025-08-29,Q2A,Product_8,65212,65212.0,100.0
Ship_508,2025-08-30,2025-08-31,Q2B,Product_10,18976,18976.0,100.0
Ship_461,2025-08-09,2025-08-10,Q2A,Product_7,18262,18262.0,100.0
Ship_455,2025-08-08,2025-08-08,Q1B,Product_3,2152,2152.0,100.0
Ship_458,2025-08-08,2025-08-08,Q1C,Product_5,21837,21837.0,100.0
Ship_463,2025-08-04,2025-08-06,Q2A,Product_8,32567,32567.0,100.0
Ship_459,2025-08-09,2025-08-09,Q1C,Product_6,6239,6239.0,100.0
Ship_462,2025-08-05,2025-08-05,Q2A,Product_7,11656,11000.0,94.4
Ship_464,2025-08-07,2025-08-08,Q2A,Product_8,35447,35447.0,100.0
Ship_465,2025-08-08,2025-08-08,Q2B,Product_9,9458,9458.0,100.0
Ship_453,2025-08-09,2025-08-10,Q1A,Product_1,37064,37064.0,100.0
Ship_454,2025-08-07,2025-08-08,Q1A,Product_2,40869,40869.0,100.0
Ship_456,2025-08-06,2025-08-07,Q1B,Product_4,19121,19121.0,100.0
Ship_457,2025-08-09,2025-08-10,Q1B,Product_4,31038,31038.0,100.0
Ship_460,2025-08-10,2025-08-10,Q1C,Product_6,10071,10071.0,100.0
Ship_466,2025-08-09,2025-08-10,Q2B,Product_10,56941,56941.0,100.0
Ship_730,2025-12-15,2025-12-16,Q1A,Product_1,14651,14651.0,100.0
Ship_736,2025-12-19,2025-12-20,Q1C,Product_5,25459,25459.0,100.0
Ship_734,2025-12-16,2025-12-17,Q1B,Product_4,26554,26554.0,100.0
Ship_738,2025-12-16,2025-12-18,Q1C,Product_6,8305,8305.0,100.0
Ship_739,2025-12-17,2025-12-19,Q2A,Product_7,30523,30523.0,100.0
Ship_742,2025-12-18,2025-12-18,Q2B,Product_9,4758,4758.0,100.0
Ship_744,2025-12-16,2025-12-17,Q2B,Product_10,31345,31345.0,100.0
Ship_745,2025-12-19,2025-12-20,Q2B,Product_10,23312,23312.0,100.0
Ship_741,2025-12-18,2025-12-18,Q2A,Product_8,29179,23000.0,78.8
Ship_731,2025-12-20,2025-12-21,Q1A,Product_1,24423,24423.0,100.0
Ship_732,2025-12-18,2025-12-19,Q1A,Product_2,38695,38695.0,100.0
Ship_733,2025-12-19,2025-12-19,Q1B,Product_3,2085,2085.0,100.0
Ship_735,2025-12-21,2025-12-21,Q1B,Product_4,22372,22372.0,100.0
Ship_737,2025-12-18,2025-12-18,Q1C,Product_6,7984,6253.0,78.3
Ship_740,2025-12-20,2025-12-21,Q2A,Product_8,35982,35982.0,100.0
Ship_743,2025-12-21,2025-12-21,Q2B,Product_9,3377,3377.0,100.0
Ship_474,2025-08-12,2025-08-12,Q1C,Product_5,7254,7254.0,100.0
Ship_468,2025-08-12,2025-08-13,Q1A,Product_1,15008,15008.0,100.0
Ship_481,2025-08-12,2025-08-13,Q2B,Product_10,33930,33930.0,100.0
Ship_471,2025-08-12,2025-08-13,Q1B,Product_4,28692,28692.0,100.0
Ship_478,2025-08-12,2025-08-13,Q2A,Product_8,36457,36457.0,100.0
Ship_482,2025-08-16,2025-08-17,Q2B,Product_10,23536,23536.0,100.0
Ship_470,2025-08-15,2025-08-15,Q1B,Product_3,2202,2202.0,100.0
Ship_473,2025-08-14,2025-08-15,Q1C,Product_5,13427,13427.0,100.0
Ship_476,2025-08-14,2025-08-14,Q2A,Product_7,15124,11000.0,72.7
Ship_477,2025-08-15,2025-08-15,Q2A,Product_7,11667,11000.0,94.3
Ship_479,2025-08-16,2025-08-17,Q2A,Product_8,28076,28076.0,100.0
Ship_480,2025-08-15,2025-08-15,Q2B,Product_9,9490,9490.0,100.0
Ship_472,2025-08-16,2025-08-17,Q1B,Product_4,17364,17364.0,100.0
Ship_475,2025-08-16,2025-08-17,Q1C,Product_6,16871,16871.0,100.0
Ship_467,2025-08-16,2025-08-17,Q1A,Product_1,18397,18397.0,100.0
Ship_469,2025-08-14,2025-08-15,Q1A,Product_2,38068,38068.0,100.0
Ship_491,2025-08-19,2025-08-20,Q2A,Product_8,41959,41959.0,100.0
Ship_484,2025-08-21,2025-08-22,Q1A,Product_2,41495,41495.0,100.0
Ship_493,2025-08-22,2025-08-22,Q2B,Product_9,8505,8505.0,100.0
Ship_495,2025-08-19,2025-08-20,Q2B,Product_10,18348,18348.0,100.0
Ship_487,2025-08-21,2025-08-23,Q1C,Product_5,9586,9586.0,100.0
Ship_488,2025-08-19,2025-08-20,Q1C,Product_5,12408,12408.0,100.0
Ship_489,2025-08-21,2025-08-22,Q1C,Product_6,15406,15406.0,100.0
Ship_492,2025-08-21,2025-08-22,Q2A,Product_8,23594,23594.0,100.0
Ship_485,2025-08-23,2025-08-24,Q1B,Product_4,27428,27428.0,100.0
Ship_486,2025-08-21,2025-08-21,Q1B,Product_4,21673,21673.0,100.0
Ship_490,2025-08-23,2025-08-24,Q2A,Product_7,31801,31801.0,100.0
Ship_494,2025-08-23,2025-08-24,Q2B,Product_10,32187,32187.0,100.0
Ship_483,2025-08-23,2025-08-24,Q1A,Product_1,30065,30065.0,100.0
Ship_15,2025-01-11,2025-01-12,Q1A,Product_1,40348,40348.0,100.0
Ship_17,2025-01-11,2025-01-11,Q1B,Product_3,2238,2238.0,100.0
Ship_18,2025-01-07,2025-01-08,Q1B,Product_4,27751,27751.0,100.0
Ship_22,2025-01-08,2025-01-08,Q1C,Product_6,7818,7818.0,100.0
Ship_24,2025-01-09,2025-01-10,Q2A,Product_7,19073,19073.0,100.0
Ship_26,2025-01-12,2025-01-12,Q2B,Product_9,9151,9151.0,100.0
Ship_19,2025-01-09,2025-01-10,Q1B,Product_4,27600,27600.0,100.0
Ship_20,2025-01-09,2025-01-10,Q1C,Product_5,23149,23149.0,100.0
Ship_23,2025-01-07,2025-01-08,Q2A,Product_7,14783,14783.0,100.0
Ship_25,2025-01-11,2025-01-12,Q2A,Product_8,72562,72562.0,100.0
Ship_27,2025-01-08,2025-01-10,Q2B,Product_10,62955,62955.0,100.0
Ship_21,2025-01-12,2025-01-12,Q1C,Product_6,8611,8611.0,100.0
Ship_16,2025-01-09,2025-01-10,Q1A,Product_2,45309,45309.0,100.0
Ship_71,2025-01-31,2025-01-31,Q2B,Product_9,8114,8114.0,100.0
Ship_60,2025-01-29,2025-01-30,Q1A,Product_1,26862,26862.0,100.0
Ship_65,2025-01-29,2025-01-30,Q1C,Product_5,12497,12497.0,100.0
Ship_66,2025-01-31,2025-01-31,Q1C,Product_5,10570,10570.0,100.0
Ship_70,2025-02-01,2025-02-02,Q2A,Product_8,79369,79369.0,100.0
Ship_62,2025-01-28,2025-01-31,Q1A,Product_2,46795,46795.0,100.0
Ship_63,2025-01-31,2025-01-31,Q1B,Product_3,2319,2319.0,100.0
Ship_68,2025-01-28,2025-01-29,Q2A,Product_7,13491,13491.0,100.0
Ship_73,2025-01-29,2025-01-30,Q2B,Product_10,30270,30270.0,100.0
Ship_61,2025-02-01,2025-02-02,Q1A,Product_1,15219,15219.0,100.0
Ship_72,2025-02-01,2025-02-02,Q2B,Product_10,31684,31684.0,100.0
Ship_64,2025-02-01,2025-02-02,Q1B,Product_4,48709,48709.0,100.0
Ship_67,2025-02-01,2025-02-02,Q1C,Product_6,18075,18075.0,100.0
Ship_69,2025-01-30,2025-01-31,Q2A,Product_7,19154,19154.0,100.0
Ship_593,2025-10-10,2025-10-10,Q1C,Product_5,21015,21015.0,100.0
Ship_594,2025-10-11,2025-10-11,Q1C,Product_6,5790,5790.0,100.0
Ship_595,2025-10-08,2025-10-09,Q1C,Product_6,10352,10352.0,100.0
Ship_599,2025-10-08,2025-10-08,Q2B,Product_9,3246,3246.0,100.0
Ship_589,2025-10-07,2025-10-08,Q1A,Product_2,27003,27003.0,100.0
Ship_590,2025-10-11,2025-10-12,Q1A,Product_2,14915,14915.0,100.0
Ship_597,2025-10-07,2025-10-08,Q2A,Product_8,41172,41172.0,100.0
Ship_598,2025-10-09,2025-10-10,Q2A,Product_8,26315,26315.0,100.0
Ship_602,2025-10-09,2025-10-09,Q2B,Product_10,22196,22196.0,100.0
Ship_588,2025-10-09,2025-10-10,Q1A,Product_1,34435,34435.0,100.0
Ship_592,2025-10-08,2025-10-09,Q1B,Product_4,20730,20730.0,100.0
Ship_596,2025-10-11,2025-10-12,Q2A,Product_7,26110,26110.0,100.0
Ship_601,2025-10-10,2025-10-11,Q2B,Product_10,38007,38007.0,100.0
Ship_591,2025-10-11,2025-10-12,Q1B,Product_4,25465,25465.0,100.0
Ship_600,2025-10-12,2025-10-12,Q2B,Product_9,5953,5953.0,100.0
Ship_670,2025-11-13,2025-11-14,Q2A,Product_8,54904,54904.0,100.0
Ship_660,2025-11-10,2025-11-12,Q1A,Product_2,19955,19761.0,99.0
Ship_661,2025-11-15,2025-11-15,Q1B,Product_3,2162,2162.0,100.0
Ship_671,2025-11-14,2025-11-14,Q2B,Product_9,8425,8425.0,100.0
Ship_672,2025-11-15,2025-11-16,Q2B,Product_10,37312,37312.0,100.0
Ship_673,2025-11-11,2025-11-12,Q2B,Product_10,23164,23164.0,100.0
Ship_657,2025-11-11,2025-11-11,Q1A,Product_1,17360,11000.0,63.4
Ship_659,2025-11-14,2025-11-14,Q1A,Product_2,22757,22757.0,100.0
Ship_662,2025-11-13,2025-11-14,Q1B,Product_4,29940,29940.0,100.0
Ship_663,2025-11-11,2025-11-12,Q1B,Product_4,23954,23954.0,100.0
Ship_664,2025-11-11,2025-11-11,Q1C,Product_5,11588,11000.0,94.9
Ship_666,2025-11-13,2025-11-14,Q1C,Product_6,7836,7836.0,100.0
Ship_668,2025-11-11,2025-11-12,Q2A,Product_7,15281,15281.0,100.0
Ship_658,2025-11-13,2025-11-15,Q1A,Product_1,20486,20486.0,100.0
Ship_665,2025-11-13,2025-11-14,Q1C,Product_5,10486,8647.0,82.5
Ship_667,2025-11-14,2025-11-15,Q1C,Product_6,6701,6701.0,100.0
Ship_669,2025-11-15,2025-11-16,Q2A,Product_7,14942,14942.0,100.0
Ship_701,2025-11-27,2025-11-28,Q2B,Product_10,36128,36128.0,100.0
Ship_691,2025-11-24,2025-11-25,Q1A,Product_2,17272,17272.0,100.0
Ship_700,2025-11-24,2025-11-25,Q2B,Product_10,20341,20341.0,100.0
Ship_689,2025-11-24,2025-11-26,Q1A,Product_1,13547,11000.0,81.2
Ship_694,2025-11-27,2025-11-28,Q1B,Product_4,48220,48220.0,100.0
Ship_692,2025-11-28,2025-11-28,Q1A,Product_2,23813,23000.0,96.6
Ship_693,2025-11-30,2025-11-30,Q1B,Product_3,2114,2114.0,100.0
Ship_695,2025-11-29,2025-11-30,Q1C,Product_5,20345,20345.0,100.0
Ship_697,2025-11-27,2025-11-28,Q2A,Product_7,29342,29342.0,100.0
Ship_690,2025-11-29,2025-11-30,Q1A,Product_1,20253,20253.0,100.0
Ship_696,2025-11-27,2025-11-28,Q1C,Product_6,15361,15361.0,100.0
Ship_698,2025-11-29,2025-11-30,Q2A,Product_8,63572,63572.0,100.0
Ship_699,2025-11-30,2025-11-30,Q2B,Product_9,9434,9434.0,100.0
Ship_333,2025-06-04,2025-06-05,Q2A,Product_7,16504,16504.0,100.0
Ship_334,2025-06-02,2025-06-03,Q2A,Product_7,20413,16453.0,80.6
Ship_327,2025-06-06,2025-06-07,Q1A,Product_2,49740,49740.0,100.0
Ship_332,2025-06-06,2025-06-06,Q1C,Product_6,7419,7419.0,100.0
Ship_336,2025-06-08,2025-06-08,Q2B,Product_9,9411,9411.0,100.0
Ship_326,2025-06-04,2025-06-05,Q1A,Product_1,16938,16938.0,100.0
Ship_328,2025-06-03,2025-06-04,Q1B,Product_4,25864,25864.0,100.0
Ship_337,2025-06-04,2025-06-05,Q2B,Product_10,43124,43124.0,100.0
Ship_330,2025-06-07,2025-06-08,Q1C,Product_5,25653,25653.0,100.0
Ship_331,2025-06-05,2025-06-05,Q1C,Product_6,9146,9146.0,100.0
Ship_335,2025-06-07,2025-06-08,Q2A,Product_8,66406,66406.0,100.0
Ship_338,2025-06-06,2025-06-07,Q2B,Product_10,23683,23683.0,100.0
Ship_325,2025-06-08,2025-06-08,Q1A,Product_1,21292,21292.0,100.0
Ship_329,2025-06-07,2025-06-08,Q1B,Product_4,31363,31363.0,100.0
Ship_351,2025-06-13,2025-06-14,Q2B,Product_10,70540,70540.0,100.0
Ship_346,2025-06-13,2025-06-13,Q2A,Product_7,15532,11000.0,70.8
Ship_347,2025-06-09,2025-06-12,Q2A,Product_7,17411,15851.0,91.0
Ship_343,2025-06-14,2025-06-15,Q1B,Product_4,57274,57274.0,100.0
Ship_348,2025-06-10,2025-06-11,Q2A,Product_8,33531,33531.0,100.0
Ship_349,2025-06-14,2025-06-15,Q2A,Product_8,36943,36943.0,100.0
Ship_341,2025-06-11,2025-06-13,Q1A,Product_2,43786,43786.0,100.0
Ship_350,2025-06-15,2025-06-15,Q2B,Product_9,10167,10167.0,100.0
Ship_344,2025-06-14,2025-06-15,Q1C,Product_5,25926,25926.0,100.0
Ship_339,2025-06-12,2025-06-12,Q1A,Product_1,22822,22822.0,100.0
Ship_342,2025-06-13,2025-06-13,Q1B,Product_3,2300,2300.0,100.0
Ship_340,2025-06-14,2025-06-15,Q1A,Product_1,16016,16016.0,100.0
Ship_345,2025-06-12,2025-06-13,Q1C,Product_6,18495,18495.0,100.0
Ship_174,2025-03-20,2025-03-20,Q2B,Product_9,10390,9554.0,92.0
Ship_175,2025-03-18,2025-03-19,Q2B,Product_10,31104,31104.0,100.0
Ship_163,2025-03-18,2025-03-19,Q1A,Product_1,23724,23724.0,100.0
Ship_167,2025-03-22,2025-03-23,Q1B,Product_4,54964,54964.0,100.0
Ship_168,2025-03-21,2025-03-21,Q1C,Product_5,13097,11000.0,84.0
Ship_169,2025-03-18,2025-03-20,Q1C,Product_5,15276,15276.0,100.0
Ship_172,2025-03-20,2025-03-21,Q2A,Product_7,32166,32166.0,100.0
Ship_164,2025-03-22,2025-03-23,Q1A,Product_1,16813,16813.0,100.0
Ship_170,2025-03-19,2025-03-19,Q1C,Product_6,9795,9795.0,100.0
Ship_171,2025-03-22,2025-03-22,Q1C,Product_6,8773,8773.0,100.0
Ship_173,2025-03-22,2025-03-23,Q2A,Product_8,76222,76222.0,100.0
Ship_166,2025-03-21,2025-03-21,Q1B,Product_3,2363,2363.0,100.0
Ship_176,2025-03-22,2025-03-23,Q2B,Product_10,33907,33907.0,100.0
Ship_165,2025-03-20,2025-03-21,Q1A,Product_2,51898,51898.0,100.0
Ship_217,2025-04-13,2025-04-13,Q2A,Product_7,22139,22139.0,100.0
Ship_218,2025-04-10,2025-04-11,Q2A,Product_8,68971,68971.0,100.0
Ship_210,2025-04-10,2025-04-11,Q1A,Product_2,52348,52348.0,100.0
Ship_214,2025-04-10,2025-04-11,Q1C,Product_5,23113,23113.0,100.0
Ship_216,2025-04-08,2025-04-09,Q2A,Product_7,18115,18115.0,100.0
Ship_220,2025-04-12,2025-04-13,Q2B,Product_10,56003,56003.0,100.0
Ship_211,2025-04-09,2025-04-09,Q1B,Product_3,2152,1463.0,68.0
Ship_212,2025-04-10,2025-04-11,Q1B,Product_4,34070,34070.0,100.0
Ship_213,2025-04-12,2025-04-13,Q1B,Product_4,20203,20203.0,100.0
Ship_215,2025-04-12,2025-04-13,Q1C,Product_6,17034,17034.0,100.0
Ship_219,2025-04-11,2025-04-11,Q2B,Product_9,10336,10336.0,100.0
Ship_209,2025-04-12,2025-04-13,Q1A,Product_1,40339,40339.0,100.0
Ship_711,2025-12-05,2025-12-05,Q2B,Product_9,3508,3508.0,100.0
Ship_714,2025-12-02,2025-12-03,Q2B,Product_10,34997,34997.0,100.0
Ship_702,2025-12-04,2025-12-05,Q1A,Product_1,37174,37174.0,100.0
Ship_707,2025-12-05,2025-12-06,Q1C,Product_6,15915,15915.0,100.0
Ship_710,2025-12-02,2025-12-03,Q2A,Product_8,31838,31838.0,100.0
Ship_712,2025-12-03,2025-12-04,Q2B,Product_9,5454,5454.0,100.0
Ship_713,2025-12-06,2025-12-07,Q2B,Product_10,27608,27608.0,100.0
Ship_704,2025-12-04,2025-12-05,Q1B,Product_4,27400,27400.0,100.0
Ship_703,2025-12-03,2025-12-06,Q1A,Product_2,41717,41717.0,100.0
Ship_706,2025-12-07,2025-12-07,Q1C,Product_5,22583,22583.0,100.0
Ship_705,2025-12-06,2025-12-07,Q1B,Product_4,17942,17942.0,100.0
Ship_708,2025-12-06,2025-12-07,Q2A,Product_7,31861,31861.0,100.0
Ship_709,2025-12-04,2025-12-05,Q2A,Product_8,31162,31162.0,100.0
Ship_674,2025-11-20,2025-11-21,Q1A,Product_1,34723,34723.0,100.0
Ship_676,2025-11-18,2025-11-19,Q1A,Product_2,24654,24654.0,100.0
Ship_678,2025-11-17,2025-11-22,Q1B,Product_4,21971,21971.0,100.0
Ship_679,2025-11-18,2025-11-22,Q1B,Product_4,30848,30848.0,100.0
Ship_682,2025-11-18,2025-11-18,Q1C,Product_6,6367,6367.0,100.0
Ship_688,2025-11-19,2025-11-20,Q2B,Product_10,23574,23574.0,100.0
Ship_677,2025-11-22,2025-11-22,Q1B,Product_3,2224,0.0,0.0
Ship_681,2025-11-22,2025-11-22,Q1C,Product_6,9214,9214.0,100.0
Ship_675,2025-11-22,2025-11-23,Q1A,Product_2,14917,14917.0,100.0
Ship_680,2025-11-23,2025-11-23,Q1C,Product_5,22690,22690.0,100.0
Ship_684,2025-11-19,2025-11-20,Q2A,Product_7,16551,16551.0,100.0
Ship_683,2025-11-21,2025-11-21,Q2A,Product_7,12950,11000.0,84.9
Ship_685,2025-11-22,2025-11-23,Q2A,Product_8,70998,70998.0,100.0
Ship_686,2025-11-21,2025-11-21,Q2B,Product_9,8844,8844.0,100.0
Ship_687,2025-11-22,2025-11-23,Q2B,Product_10,28734,28734.0,100.0
Ship_575,2025-10-01,2025-10-01,Q1A,Product_1,21101,21101.0,100.0
Ship_586,2025-10-05,2025-10-05,Q2B,Product_10,22615,22615.0,100.0
Ship_576,2025-09-30,2025-10-02,Q1A,Product_2,26656,26656.0,100.0
Ship_580,2025-10-05,2025-10-05,Q1C,Product_5,22366,22366.0,100.0
Ship_581,2025-10-02,2025-10-03,Q1C,Product_6,15100,15100.0,100.0
Ship_574,2025-10-05,2025-10-05,Q1A,Product_1,12324,11000.0,89.3
Ship_577,2025-10-03,2025-10-04,Q1A,Product_2,18021,18021.0,100.0
Ship_578,2025-10-05,2025-10-05,Q1B,Product_3,2129,2129.0,100.0
Ship_579,2025-10-02,2025-10-03,Q1B,Product_4,45635,45635.0,100.0
Ship_582,2025-10-01,2025-10-01,Q2A,Product_7,13006,11000.0,84.6
Ship_584,2025-10-02,2025-10-03,Q2A,Product_8,60812,60812.0,100.0
Ship_585,2025-10-04,2025-10-04,Q2B,Product_9,9022,9022.0,100.0
Ship_583,2025-10-04,2025-10-05,Q2A,Product_7,16513,16513.0,100.0
Ship_587,2025-10-02,2025-10-03,Q2B,Product_10,35939,35939.0,100.0
Ship_195,2025-03-31,2025-04-01,Q1A,Product_2,18424,18424.0,100.0
Ship_198,2025-04-04,2025-04-05,Q1B,Product_4,64705,64705.0,100.0
Ship_203,2025-03-31,2025-04-01,Q2A,Product_7,15834,15834.0,100.0
Ship_206,2025-04-02,2025-04-05,Q2B,Product_9,3739,3739.0,100.0
Ship_208,2025-04-02,2025-04-04,Q2B,Product_10,67427,67427.0,100.0
Ship_197,2025-04-06,2025-04-06,Q1B,Product_3,2325,2325.0,100.0
Ship_199,2025-04-01,2025-04-02,Q1C,Product_5,13408,13408.0,100.0
Ship_205,2025-04-03,2025-04-04,Q2A,Product_8,71474,71474.0,100.0
Ship_202,2025-04-03,2025-04-03,Q1C,Product_6,11388,11000.0,96.6
Ship_200,2025-04-04,2025-04-05,Q1C,Product_5,13130,13130.0,100.0
Ship_204,2025-04-06,2025-04-06,Q2A,Product_7,21287,21287.0,100.0
Ship_201,2025-04-06,2025-04-06,Q1C,Product_6,6190,6190.0,100.0
Ship_194,2025-04-05,2025-04-06,Q1A,Product_1,36113,36113.0,100.0
Ship_196,2025-04-03,2025-04-04,Q1A,Product_2,23439,23439.0,100.0
Ship_207,2025-04-06,2025-04-06,Q2B,Product_9,6201,6201.0,100.0
Ship_184,2025-03-29,2025-03-30,Q1C,Product_5,15564,15564.0,100.0
Ship_187,2025-03-28,2025-03-28,Q1C,Product_6,6479,6479.0,100.0
Ship_192,2025-03-26,2025-03-26,Q2B,Product_9,7376,7376.0,100.0
Ship_182,2025-03-26,2025-03-27,Q1B,Product_4,25282,25282.0,100.0
Ship_180,2025-03-26,2025-03-26,Q1A,Product_2,22045,22045.0,100.0
Ship_185,2025-03-25,2025-03-25,Q1C,Product_5,10266,10266.0,100.0
Ship_189,2025-03-25,2025-03-26,Q2A,Product_8,35854,35854.0,100.0
Ship_190,2025-03-27,2025-03-28,Q2A,Product_8,41535,41535.0,100.0
Ship_188,2025-03-29,2025-03-30,Q2A,Product_7,34167,34167.0,100.0
Ship_181,2025-03-28,2025-03-28,Q1B,Product_3,2347,2347.0,100.0
Ship_191,2025-03-30,2025-03-30,Q2B,Product_9,4046,4046.0,100.0
Ship_193,2025-03-28,2025-03-29,Q2B,Product_10,63873,63873.0,100.0
Ship_177,2025-03-28,2025-03-29,Q1A,Product_1,18432,18432.0,100.0
Ship_178,2025-03-27,2025-03-27,Q1A,Product_1,25496,23000.0,90.2
Ship_179,2025-03-30,2025-03-30,Q1A,Product_2,30345,23000.0,75.8
Ship_183,2025-03-29,2025-03-30,Q1B,Product_4,33676,33676.0,100.0
Ship_186,2025-03-27,2025-03-27,Q1C,Product_6,10080,10080.0,100.0
Ship_355,2025-06-18,2025-06-19,Q1B,Product_4,61668,54547.0,88.5
Ship_357,2025-06-17,2025-06-18,Q1C,Product_5,12547,12547.0,100.0
Ship_358,2025-06-19,2025-06-20,Q1C,Product_6,17821,17821.0,100.0
Ship_362,2025-06-16,2025-06-17,Q2A,Product_8,29337,29337.0,100.0
Ship_359,2025-06-21,2025-06-22,Q2A,Product_7,15405,15405.0,100.0
Ship_360,2025-06-18,2025-06-18,Q2A,Product_7,21214,21214.0,100.0
Ship_365,2025-06-18,2025-06-19,Q2B,Product_10,34426,34426.0,100.0
Ship_361,2025-06-19,2025-06-20,Q2A,Product_8,34757,34757.0,100.0
Ship_352,2025-06-21,2025-06-22,Q1A,Product_1,37138,37138.0,100.0
Ship_354,2025-06-20,2025-06-20,Q1B,Product_3,2501,2501.0,100.0
Ship_356,2025-06-21,2025-06-22,Q1C,Product_5,12484,12484.0,100.0
Ship_353,2025-06-19,2025-06-20,Q1A,Product_2,40776,40776.0,100.0
Ship_363,2025-06-22,2025-06-22,Q2B,Product_9,10680,10680.0,100.0
Ship_364,2025-06-20,2025-06-21,Q2B,Product_10,24293,24293.0,100.0
Ship_310,2025-05-28,2025-05-29,Q1A,Product_1,16484,16484.0,100.0
Ship_311,2025-05-31,2025-06-01,Q1A,Product_2,51680,51680.0,100.0
Ship_322,2025-05-27,2025-05-27,Q2B,Product_9,4694,4016.0,85.6
Ship_320,2025-05-26,2025-05-28,Q2A,Product_8,41074,39857.0,97.0
Ship_313,2025-05-30,2025-05-31,Q1B,Product_4,51012,51012.0,100.0
Ship_314,2025-05-30,2025-05-31,Q1C,Product_5,25815,25815.0,100.0
Ship_317,2025-05-31,2025-05-31,Q2A,Product_7,13084,11000.0,84.1
Ship_318,2025-05-27,2025-05-29,Q2A,Product_7,18049,18049.0,100.0
Ship_319,2025-05-30,2025-05-30,Q2A,Product_8,24683,23000.0,93.2
Ship_324,2025-05-28,2025-05-29,Q2B,Product_10,42424,42424.0,100.0
Ship_309,2025-05-30,2025-05-30,Q1A,Product_1,22690,22690.0,100.0
Ship_321,2025-06-01,2025-06-01,Q2B,Product_9,5419,5419.0,100.0
Ship_312,2025-06-01,2025-06-01,Q1B,Product_3,2265,2265.0,100.0
Ship_315,2025-05-29,2025-05-29,Q1C,Product_6,8411,8411.0,100.0
Ship_316,2025-06-01,2025-06-01,Q1C,Product_6,9504,9504.0,100.0
Ship_323,2025-05-30,2025-05-31,Q2B,Product_10,25378,25378.0,100.0
Ship_92,2025-02-12,2025-02-13,Q1B,Product_4,28936,28936.0,100.0
Ship_94,2025-02-13,2025-02-13,Q1C,Product_5,26230,22718.0,86.6
Ship_98,2025-02-11,2025-02-11,Q2A,Product_7,16545,11000.0,66.5
Ship_102,2025-02-15,2025-02-15,Q2B,Product_9,5590,5590.0,100.0
Ship_100,2025-02-10,2025-02-12,Q2A,Product_8,40928,40928.0,100.0
Ship_104,2025-02-12,2025-02-12,Q2B,Product_10,25266,23000.0,91.0
Ship_101,2025-02-13,2025-02-14,Q2B,Product_9,5392,5392.0,100.0
Ship_96,2025-02-15,2025-02-15,Q1C,Product_6,7550,7550.0,100.0
Ship_99,2025-02-13,2025-02-14,Q2A,Product_8,37864,37864.0,100.0
Ship_88,2025-02-12,2025-02-12,Q1A,Product_1,22600,22600.0,100.0
Ship_90,2025-02-13,2025-02-14,Q1A,Product_2,46974,46974.0,100.0
Ship_93,2025-02-14,2025-02-15,Q1B,Product_4,19058,19058.0,100.0
Ship_97,2025-02-15,2025-02-15,Q2A,Product_7,16521,11000.0,66.6
Ship_91,2025-02-16,2025-02-16,Q1B,Product_3,2276,2276.0,100.0
Ship_95,2025-02-16,2025-02-16,Q1C,Product_6,7920,7920.0,100.0
Ship_103,2025-02-13,2025-02-16,Q2B,Product_10,34298,34298.0,100.0
Ship_89,2025-02-15,2025-02-16,Q1A,Product_1,20514,20514.0,100.0
Ship_551,2025-09-16,2025-09-16,Q1C,Product_6,5957,5957.0,100.0
Ship_556,2025-09-20,2025-09-20,Q2B,Product_9,3835,3835.0,100.0
Ship_558,2025-09-18,2025-09-19,Q2B,Product_10,54093,54093.0,100.0
Ship_545,2025-09-21,2025-09-21,Q1B,Product_3,2113,2113.0,100.0
Ship_546,2025-09-19,2025-09-19,Q1B,Product_4,22930,22930.0,100.0
Ship_550,2025-09-19,2025-09-19,Q1C,Product_6,10120,10120.0,100.0
Ship_552,2025-09-16,2025-09-17,Q2A,Product_7,17508,17508.0,100.0
Ship_554,2025-09-18,2025-09-19,Q2A,Product_8,35926,35926.0,100.0
Ship_557,2025-09-17,2025-09-17,Q2B,Product_9,3971,3971.0,100.0
Ship_544,2025-09-17,2025-09-20,Q1A,Product_2,42825,42825.0,100.0
Ship_548,2025-09-18,2025-09-18,Q1C,Product_5,10688,10688.0,100.0
Ship_553,2025-09-20,2025-09-20,Q2A,Product_7,10344,10344.0,100.0
Ship_543,2025-09-18,2025-09-19,Q1A,Product_1,35223,35223.0,100.0
Ship_547,2025-09-18,2025-09-18,Q1B,Product_4,21110,21110.0,100.0
Ship_555,2025-09-21,2025-09-21,Q2A,Product_8,28088,23000.0,81.9
Ship_549,2025-09-20,2025-09-21,Q1C,Product_5,12502,12502.0,100.0
Ship_441,2025-08-02,2025-08-02,Q1A,Product_2,24073,23000.0,95.5
Ship_442,2025-07-30,2025-07-30,Q1B,Product_3,2070,1453.0,70.2
Ship_443,2025-07-29,2025-07-31,Q1B,Product_4,48938,42638.0,87.1
Ship_445,2025-07-30,2025-07-31,Q1C,Product_5,13989,13989.0,100.0
Ship_447,2025-07-29,2025-07-30,Q2A,Product_7,15814,15814.0,100.0
Ship_438,2025-08-01,2025-08-01,Q1A,Product_1,21007,21007.0,100.0
Ship_439,2025-07-29,2025-07-30,Q1A,Product_1,18163,18163.0,100.0
Ship_450,2025-08-03,2025-08-03,Q2B,Product_9,4390,4390.0,100.0
Ship_451,2025-07-31,2025-07-31,Q2B,Product_9,4757,4757.0,100.0
Ship_452,2025-08-01,2025-08-02,Q2B,Product_10,61205,61205.0,100.0
Ship_440,2025-07-31,2025-07-31,Q1A,Product_2,13287,11000.0,82.8
Ship_444,2025-08-03,2025-08-03,Q1C,Product_5,7878,7878.0,100.0
Ship_446,2025-08-01,2025-08-02,Q1C,Product_6,16781,16781.0,100.0
Ship_449,2025-08-01,2025-08-02,Q2A,Product_8,67529,67529.0,100.0
Ship_448,2025-08-03,2025-08-03,Q2A,Product_7,10072,10072.0,100.0
Ship_516,2025-09-05,2025-09-05,Q1C,Product_5,21089,21089.0,100.0
Ship_518,2025-09-04,2025-09-04,Q1C,Product_6,8406,8406.0,100.0
Ship_519,2025-09-01,2025-09-04,Q2A,Product_7,17096,17096.0,100.0
Ship_520,2025-09-07,2025-09-07,Q2A,Product_7,12281,11000.0,89.6
Ship_521,2025-09-02,2025-09-03,Q2A,Product_8,28232,28232.0,100.0
Ship_513,2025-09-02,2025-09-02,Q1B,Product_3,2121,975.0,46.0
Ship_523,2025-09-05,2025-09-05,Q2B,Product_9,8746,8746.0,100.0
Ship_525,2025-09-03,2025-09-04,Q2B,Product_10,20846,20846.0,100.0
Ship_510,2025-09-03,2025-09-03,Q1A,Product_1,16400,11000.0,67.1
Ship_512,2025-09-04,2025-09-05,Q1A,Product_2,38821,38821.0,100.0
Ship_514,2025-09-03,2025-09-04,Q1B,Product_4,31556,31556.0,100.0
Ship_515,2025-09-05,2025-09-06,Q1B,Product_4,18069,18069.0,100.0
Ship_517,2025-09-07,2025-09-07,Q1C,Product_6,5203,5203.0,100.0
Ship_524,2025-09-06,2025-09-07,Q2B,Product_10,37336,37336.0,100.0
Ship_511,2025-09-06,2025-09-07,Q1A,Product_1,17937,17937.0,100.0
Ship_522,2025-09-05,2025-09-06,Q2A,Product_8,30558,30558.0,100.0
Ship_130,2025-02-27,2025-02-28,Q2B,Product_10,38552,38552.0,100.0
Ship_131,2025-02-24,2025-02-25,Q2B,Product_10,26881,26881.0,100.0
Ship_119,2025-02-27,2025-02-28,Q1A,Product_2,51567,51567.0,100.0
Ship_123,2025-02-24,2025-02-27,Q1C,Product_5,8946,8053.0,90.0
Ship_128,2025-02-27,2025-02-28,Q2A,Product_8,75078,75078.0,100.0
Ship_121,2025-02-25,2025-02-25,Q1B,Product_4,21465,21465.0,100.0
Ship_127,2025-03-01,2025-03-02,Q2A,Product_7,32616,32616.0,100.0
Ship_129,2025-03-02,2025-03-02,Q2B,Product_9,10192,10192.0,100.0
Ship_118,2025-02-26,2025-03-01,Q1A,Product_1,42283,42283.0,100.0
Ship_120,2025-03-02,2025-03-02,Q1B,Product_3,2257,2257.0,100.0
Ship_125,2025-02-26,2025-02-26,Q1C,Product_6,7589,7589.0,100.0
Ship_126,2025-02-26,2025-02-28,Q1C,Product_6,10402,10402.0,100.0
Ship_122,2025-02-27,2025-02-28,Q1B,Product_4,31715,31715.0,100.0
Ship_124,2025-02-27,2025-03-02,Q1C,Product_5,12815,12815.0,100.0
Ship_533,2025-09-14,2025-09-14,Q1C,Product_6,5979,5979.0,100.0
Ship_536,2025-09-08,2025-09-11,Q2A,Product_7,12334,12334.0,100.0
Ship_539,2025-09-09,2025-09-09,Q2B,Product_9,5643,4133.0,73.2
Ship_540,2025-09-13,2025-09-13,Q2B,Product_9,3248,3248.0,100.0
Ship_526,2025-09-09,2025-09-12,Q1A,Product_1,33836,33836.0,100.0
Ship_528,2025-09-13,2025-09-14,Q1A,Product_2,23618,23618.0,100.0
Ship_541,2025-09-10,2025-09-14,Q2B,Product_10,26792,26792.0,100.0
Ship_530,2025-09-09,2025-09-10,Q1B,Product_4,25458,25458.0,100.0
Ship_534,2025-09-12,2025-09-12,Q1C,Product_6,9991,9991.0,100.0
Ship_538,2025-09-09,2025-09-10,Q2A,Product_8,36073,36073.0,100.0
Ship_531,2025-09-13,2025-09-14,Q1B,Product_4,25767,25767.0,100.0
Ship_532,2025-09-13,2025-09-13,Q1C,Product_5,21535,21535.0,100.0
Ship_537,2025-09-14,2025-09-14,Q2A,Product_8,22100,22100.0,100.0
Ship_542,2025-09-11,2025-09-12,Q2B,Product_10,29613,29613.0,100.0
Ship_527,2025-09-10,2025-09-11,Q1A,Product_2,16995,16995.0,100.0
Ship_529,2025-09-12,2025-09-12,Q1B,Product_3,2056,2056.0,100.0
Ship_535,2025-09-12,2025-09-13,Q2A,Product_7,16836,16836.0,100.0
Ship_115,2025-02-17,2025-02-19,Q2A,Product_8,38697,38697.0,100.0
Ship_116,2025-02-21,2025-02-21,Q2B,Product_9,9974,9974.0,100.0
Ship_108,2025-02-20,2025-02-21,Q1B,Product_4,63158,63158.0,100.0
Ship_114,2025-02-18,2025-02-21,Q2A,Product_8,27124,27124.0,100.0
Ship_105,2025-02-20,2025-02-21,Q1A,Product_1,42398,42398.0,100.0
Ship_107,2025-02-23,2025-02-23,Q1B,Product_3,2439,2439.0,100.0
Ship_109,2025-02-20,2025-02-21,Q1C,Product_5,23235,23235.0,100.0
Ship_110,2025-02-22,2025-02-22,Q1C,Product_6,8169,8169.0,100.0
Ship_111,2025-02-23,2025-02-23,Q1C,Product_6,9955,9955.0,100.0
Ship_117,2025-02-20,2025-02-22,Q2B,Product_10,63782,63782.0,100.0
Ship_112,2025-02-20,2025-02-20,Q2A,Product_7,16436,11000.0,66.9
Ship_113,2025-02-22,2025-02-23,Q2A,Product_7,16700,16700.0,100.0
Ship_106,2025-02-22,2025-02-23,Q1A,Product_2,47503,47503.0,100.0
Ship_436,2025-07-26,2025-07-27,Q2B,Product_10,34305,34305.0,100.0
Ship_423,2025-07-24,2025-07-25,Q1A,Product_2,25731,25731.0,100.0
Ship_424,2025-07-22,2025-07-23,Q1A,Product_2,18768,18768.0,100.0
Ship_426,2025-07-24,2025-07-25,Q1B,Product_4,47292,47292.0,100.0
Ship_428,2025-07-27,2025-07-27,Q1C,Product_5,9878,9878.0,100.0
Ship_430,2025-07-22,2025-07-22,Q2A,Product_7,14927,11000.0,73.7
Ship_431,2025-07-25,2025-07-25,Q2A,Product_7,15288,11000.0,72.0
Ship_433,2025-07-26,2025-07-27,Q2A,Product_8,33196,33196.0,100.0
Ship_434,2025-07-22,2025-07-22,Q2B,Product_9,4773,3991.0,83.6
Ship_432,2025-07-23,2025-07-24,Q2A,Product_8,27577,27577.0,100.0
Ship_437,2025-07-23,2025-07-24,Q2B,Product_10,25804,25804.0,100.0
Ship_422,2025-07-26,2025-07-27,Q1A,Product_1,34070,34070.0,100.0
Ship_427,2025-07-23,2025-07-24,Q1C,Product_5,11987,11987.0,100.0
Ship_429,2025-07-25,2025-07-26,Q1C,Product_6,16862,16862.0,100.0
Ship_435,2025-07-25,2025-07-25,Q2B,Product_9,4609,4609.0,100.0
Ship_425,2025-07-27,2025-07-27,Q1B,Product_3,2367,2367.0,100.0
Ship_81,2025-02-03,2025-02-03,Q2A,Product_7,12522,7622.0,60.9
Ship_75,2025-02-04,2025-02-05,Q1A,Product_1,17266,17266.0,100.0
Ship_79,2025-02-08,2025-02-09,Q1C,Product_5,24787,24787.0,100.0
Ship_74,2025-02-08,2025-02-09,Q1A,Product_1,25824,25824.0,100.0
Ship_76,2025-02-06,2025-02-07,Q1A,Product_2,45866,45866.0,100.0
Ship_82,2025-02-05,2025-02-06,Q2A,Product_7,20026,19942.0,99.6
Ship_84,2025-02-04,2025-02-09,Q2A,Product_8,30168,30168.0,100.0
Ship_85,2025-02-05,2025-02-05,Q2B,Product_9,3537,3537.0,100.0
Ship_87,2025-02-06,2025-02-07,Q2B,Product_10,64184,64184.0,100.0
Ship_83,2025-02-07,2025-02-08,Q2A,Product_8,37024,37024.0,100.0
Ship_77,2025-02-09,2025-02-09,Q1B,Product_3,2794,2794.0,100.0
Ship_78,2025-02-07,2025-02-08,Q1B,Product_4,56815,56815.0,100.0
Ship_80,2025-02-06,2025-02-07,Q1C,Product_6,17468,17468.0,100.0
Ship_86,2025-02-09,2025-02-09,Q2B,Product_9,6510,6510.0,100.0
Ship_570,2025-09-24,2025-09-24,Q2B,Product_9,3978,3109.0,78.2
Ship_560,2025-09-23,2025-09-24,Q1A,Product_1,15111,15111.0,100.0
Ship_564,2025-09-28,2025-09-28,Q1C,Product_5,7550,7550.0,100.0
Ship_566,2025-09-24,2025-09-24,Q1C,Product_6,9090,9090.0,100.0
Ship_569,2025-09-27,2025-09-28,Q2A,Product_8,66909,66909.0,100.0
Ship_571,2025-09-25,2025-09-25,Q2B,Product_9,3547,3547.0,100.0
Ship_559,2025-09-28,2025-09-28,Q1A,Product_1,21992,21992.0,100.0
Ship_562,2025-09-28,2025-09-28,Q1B,Product_3,2079,2079.0,100.0
Ship_567,2025-09-26,2025-09-26,Q1C,Product_6,6439,6439.0,100.0
Ship_561,2025-09-25,2025-09-26,Q1A,Product_2,39331,39331.0,100.0
Ship_572,2025-09-28,2025-09-28,Q2B,Product_10,21261,21261.0,100.0
Ship_573,2025-09-26,2025-09-27,Q2B,Product_10,34777,34777.0,100.0
Ship_563,2025-09-25,2025-09-26,Q1B,Product_4,50330,50330.0,100.0
Ship_565,2025-09-25,2025-09-27,Q1C,Product_5,13002,13002.0,100.0
Ship_568,2025-09-25,2025-09-26,Q2A,Product_7,24533,24533.0,100.0
Ship_750,2025-12-25,2025-12-26,Q1B,Product_4,60405,60405.0,100.0
Ship_752,2025-12-24,2025-12-26,Q1C,Product_5,16120,16120.0,100.0
Ship_754,2025-12-23,2025-12-24,Q1C,Product_6,8573,6999.0,81.6
Ship_757,2025-12-26,2025-12-26,Q2B,Product_9,9921,9921.0,100.0
Ship_746,2025-12-25,2025-12-26,Q1A,Product_1,40129,40129.0,100.0
Ship_748,2025-12-24,2025-12-24,Q1A,Product_2,21433,21433.0,100.0
Ship_749,2025-12-27,2025-12-27,Q1B,Product_3,2302,2302.0,100.0
Ship_753,2025-12-23,2025-12-26,Q1C,Product_6,9905,9905.0,100.0
Ship_755,2025-12-25,2025-12-26,Q2A,Product_7,28762,28762.0,100.0
Ship_747,2025-12-27,2025-12-28,Q1A,Product_2,23475,23475.0,100.0
Ship_751,2025-12-26,2025-12-28,Q1C,Product_5,9560,9560.0,100.0
Ship_756,2025-12-27,2025-12-28,Q2A,Product_8,72123,72123.0,100.0
Ship_758,2025-12-27,2025-12-28,Q2B,Product_10,65556,65556.0,100.0
